index,sv_name,oa_name,sv_id,oa_id,similarity_score
1560,kirsten zickfeld,kirsten zickfeld,23010937900,A5032945153,100
1559,hao zhang,hao zhang,59130540100,A5100397026,100
1558,rina zazkis,rina zazkis,6602957344,A5009772411,100
31,jackson carl burzynski,jackson carl burzynski,57210335824,A5107903626,100
29,ryan w allen,ryan w allen,57203292425,A5039444427,100
26,george e allen,george e allen,58420270400,A5006221782,100
25,mohsen akbari,mohsen akbari,57218664466,A5039506035,100
1528,robert n young,robert n young,57188789416,A5063566841,100
1415,mark l winston,mark l winston,57226099065,A5105987469,100
1384,alex i wiesman,alex i wiesman,57094179900,A5072572408,100
1368,neil v watson,neil v watson,7201757542,A5083353743,100
1365,stephen c wright,stephen c wright,57211220396,A5042007466,100
1357,vance e williams,vance e williams,7102894408,A5010948237,100
1354,philip h winne,philip h winne,6701806415,A5069400021,100
1351,jennifer s wong,jennifer s wong,55768611600,A5018101953,100
1350,james m wakeling,james m wakeling,7004442395,A5058897622,100
1349,charlotte waddell,charlotte waddell,7005782714,A5086742456,100
1347,ron wakkary,ron wakkary,9633977700,A5075208287,100
1344,nicholas vincent,nicholas vincent,57202044868,A5070837664,100
47,nicole s berry,nicole s berry,24402486100,A5062493243,100
46,joão luiz bastos,joão luiz bastos,12445265000,A5076619980,100
45,neil r branda,neil r branda,7003596071,A5052954758,100
38,john r best,john r best,34771258200,A5035542400,100
34,behraad bahreyni,behraad bahreyni,7801341985,A5014284015,100
33,martin bouchard,martin bouchard,35943405400,A5103242379,100
1340,jeremy g venditti,jeremy g venditti,9635296900,A5073047882,100
1338,david j vocadlo,david j vocadlo,6603569792,A5078248083,100
1337,rodney g vaughan,rodney g vaughan,7201481830,A5078752648,100
1319,alberto toscano,alberto toscano,18134405700,A5082179421,100
1315,kouhyar tavakolian,kouhyar tavakolian,6505837295,A5043387812,100
1314,andrea tagliasacchi,andrea tagliasacchi,25123272600,A5037094498,100
1311,allen e thornton,allen e thornton,7101607212,A5018971948,100
1310,tim k takaro,tim k takaro,7006248568,A5043405314,100
1309,jason r smith,jason r smith,59277392100,A5061800498,100
62,derek bingham,derek bingham,7004856179,A5060689409,100
54,sharon bailin,sharon bailin,14633186200,A5091037473,100
49,david v burley,david v burley,7004232335,A5062789412,100
48,ellen balka,ellen balka,55928456100,A5021049120,100
1239,william a scott,william a scott,57651636000,A5001064251,100
1235,xiangyu sun,xiangyu sun,57218847212,A5060002954,100
1229,kelly shen,kelly shen,56221694300,A5006850713,100
1228,dan a simunic,dan a simunic,8409667000,A5053025790,100
1227,shawn sederberg,shawn sederberg,26530555600,A5090840537,100
1207,charles scott,charles scott,56898175500,A5039664215,100
1204,stanley j shapiro,stanley j shapiro,19036498100,A5027605617,100
1203,samira siahrostami,samira siahrostami,25224903500,A5003552620,100
1202,hitoshi shigeoka,hitoshi shigeoka,55577057400,A5004905714,100
1195,jamie k scott,jamie k scott,57206879375,A5045141972,100
1194,thomas m spalek,thomas m spalek,57188544618,A5081614066,100
1193,igor shinkar,igor shinkar,36618065800,A5028165107,100
1186,kathleen l slaney,kathleen l slaney,8846291600,A5057464549,100
1185,arrvindh shriraman,arrvindh shriraman,9733162900,A5035046431,100
79,elizabeth bishop,elizabeth bishop,59705974700,A5111051453,100
70,daniel m bernstein,daniel m bernstein,7401750083,A5078816085,100
1182,dipankar sen,dipankar sen,7202365161,A5080345112,100
1180,carolyn j sparrey,carolyn j sparrey,25932455000,A5053703719,100
1179,manolis savva,manolis savva,47962533500,A5091765070,100
1177,xiaowei song,xiaowei song,10239235900,A5036261443,100
1176,lesley shannon,lesley shannon,8618963200,A5062627025,100
1175,tim b swartz,tim b swartz,7004425355,A5051510373,100
1174,david a sivak,david a sivak,22235855500,A5005809960,100
1172,thecla schiphorst,thecla schiphorst,6506745859,A5046467699,100
1171,tim storr,tim storr,6507171966,A5029358178,100
1169,julian m somers,julian m somers,8071300500,A5083672700,100
1168,will small,will small,7102197020,A5042673268,100
95,theodore d cosco,theodore d cosco,55948960700,A5068364602,100
91,bernard j crespi,bernard j crespi,7006487408,A5089912926,100
88,jiguo cao,jiguo cao,14622304000,A5062483690,100
87,isabelle m côté,isabelle m côté,7005488549,A5048073547,100
86,julien chopin,julien chopin,57195104543,A5088922176,100
85,valorie a crooks,valorie a crooks,35585107800,A5057868506,100
84,andrew j bennet,andrew j bennet,7005018312,A5064385050,100
83,zabrina l brumme,zabrina l brumme,57204349045,A5054186329,100
1161,arthur j robson,arthur j robson,7102089902,A5032114320,100
1160,bernard d roitberg,bernard d roitberg,7004907556,A5041271758,100
1157,urs ribary,urs ribary,6701499063,A5057631988,100
1156,peter c ruben,peter c ruben,7004308630,A5017211526,100
1155,jian pei,jian pei,35273378100,A5062247330,100
1139,geoffrey poitras,geoffrey poitras,6603613552,A5018410355,100
1138,anand c paranjpe,anand c paranjpe,7003524857,A5090609812,100
1135,paul w percival,paul w percival,7005407519,A5088940878,100
1133,krishna pendakur,krishna pendakur,6603409600,A5055285782,100
1132,levon pogosian,levon pogosian,6701696548,A5018384343,100
1131,shahram payandeh,shahram payandeh,7006688369,A5012527565,100
1128,frederick j newmeyer,frederick j newmeyer,6508333132,A5089215581,100
1126,bohdan nosyk,bohdan nosyk,12809172100,A5065274638,100
1124,hang ma,hang ma,57191411897,A5024389928,100
1121,robert j mcmahon,robert j mcmahon,7201719672,A5004540382,100
111,andrew j calvert,andrew j calvert,7102982849,A5030736348,100
107,julian k christians,julian k christians,6701576968,A5076318644,100
106,jenny s cory,jenny s cory,7102831057,A5048728862,100
104,kalysha closson,kalysha closson,57189869193,A5017818883,100
103,d s cross,d s cross,12645477200,A5112788832,100
101,mo chen,mo chen,57007331200,A5100387244,100
100,alexander l chapman,alexander l chapman,17134481500,A5042419426,100
99,cédric chauve,cédric chauve,6701456474,A5063811688,100
98,mark collard,mark collard,7102608373,A5053375554,100
116,lisa craig,lisa craig,7006557001,A5068113418,100
1113,mehran mehrandezh,mehran mehrandezh,6601997156,A5026447228,100
1081,alexander moens,alexander moens,6701750605,A5025859917,100
1075,michael d maraun,michael d maraun,7003683801,A5014931405,100
1067,nabyl merbouh,nabyl merbouh,6508144272,A5053668862,100
1066,laura u marks,laura u marks,26033057400,A5112321714,100
1065,murray j munro,murray j munro,7102691863,A5074908809,100
1064,margo m moore,margo m moore,7404470908,A5016934414,100
1060,brent mcferran,brent mcferran,25929357100,A5073853678,100
1059,john j mcdonald,john j mcdonald,7404234326,A5077824553,100
1057,stephen makonin,stephen makonin,41661920300,A5053665999,100
1056,ralph e mistlberger,ralph e mistlberger,7005970188,A5035497819,100
1055,eundeok mun,eundeok mun,17346654700,A5074987873,100
1054,daniel s marigold,daniel s marigold,6505944129,A5015424302,100
1052,sean markey,sean markey,9244498000,A5087641543,100
1050,dawn c mackey,dawn c mackey,23019382100,A5036867493,100
1049,sylvain moreno,sylvain moreno,14020064700,A5087105269,100
1048,james a maceachern,james a maceachern,6603905976,A5083600826,100
1047,lawrence c mccandless,lawrence c mccandless,16064418900,A5076671726,100
1045,j llorente merino,j llorente merino,58165094900,A5077377484,100
1044,greg mori,greg mori,9435382500,A5110713539,100
1042,jonathan w moore,jonathan w moore,7405239862,A5070014514,100
1041,mehrdad moallem,mehrdad moallem,35609219200,A5031639432,100
1040,bojan mohar,bojan mohar,24480096600,A5005993212,100
139,wendy hui kyong chun,wendy hui kyong chun,58846715600,A5087258215,100
1039,carlo menon,carlo menon,23989261600,A5021515928,100
1013,roger g linington,roger g linington,6508105568,A5015133560,100
1012,bruce p lanphear,bruce p lanphear,7006082907,A5080164344,100
995,monica lee,monica lee,57412158000,A5057346446,100
876,rowland lorimer,rowland lorimer,16495970600,A5046780135,100
871,steven lewis,steven lewis,59067656600,A5044719058,100
789,kelvin lau,kelvin lau,57975299900,A5064093289,100
700,jiayi liu,jiayi liu,58550253900,A5100370772,100
593,feng lin,feng lin,57191371558,A5101414835,100
537,michelle levy,michelle levy,55574212275,A5016934275,100
524,chunmei li,chunmei li,55696026700,A5100427221,100
520,mario liotti,mario liotti,7004825097,A5087177266,100
505,michel r leroux,michel r leroux,7101724540,A5031592364,100
500,angelica lim,angelica lim,36801929900,A5054803584,100
482,david b lank,david b lank,7003901330,A5026174358,100
479,cheng li,cheng li,57208500706,A5100354297,100
477,daniel b leznoff,daniel b leznoff,6701478446,A5035673972,100
473,kelley lee,kelley lee,55540777300,A5019363540,100
472,scott a lear,scott a lear,7003829555,A5043684388,100
426,p kowalski,p kowalski,56102570600,A5029296798,100
404,dennis l krebs,dennis l krebs,7102141328,A5034589539,100
403,barry c kelly,barry c kelly,7202842613,A5077116272,100
373,ernst kruijff,ernst kruijff,15022738100,A5035303241,100
368,malcolm p kennett,malcolm p kennett,57206148902,A5083205811,100
366,george kirczenow,george kirczenow,7003642081,A5005284722,100
365,karen e kohfeld,karen e kohfeld,55964407600,A5075889071,100
363,christopher j kennedy,christopher j kennedy,23469610500,A5112019938,100
362,woo soo kim,woo soo kim,17136903100,A5000223592,100
359,erik kjeang,erik kjeang,16066971400,A5056229295,100
341,steven jm jones,steven jm jones,55732380600,A5100728059,100
340,dal yong jin,dal yong jin,7201973561,A5041172302,100
332,norbert h haunerland,norbert h haunerland,7004689270,A5028440357,100
330,mohamed hefeeda,mohamed hefeeda,57204281290,A5084024266,100
328,felix henningsen,felix henningsen,6602244525,A5020847142,100
327,michael w hart,michael w hart,55684330400,A5053201473,100
325,david s hik,david s hik,6701520921,A5090776586,100
323,anil hira,anil hira,6602185359,A5006967128,100
321,marek hatala,marek hatala,57203069442,A5051581150,100
320,pascal haegeli,pascal haegeli,23099824700,A5065438853,100
318,stephen d hart,stephen d hart,7202601274,A5055395163,100
317,igor f herbut,igor f herbut,7003565312,A5023970139,100
316,pavol hell,pavol hell,7004529543,A5075416144,100
315,lindsay hedden,lindsay hedden,37031088300,A5030396427,100
314,kanna hayashi,kanna hayashi,33267650300,A5029471416,100
313,farid golnaraghi,farid golnaraghi,7003988491,A5054537100,100
304,carole gerson,carole gerson,38261265100,A5113523032,100
299,ramazan gençay,ramazan gençay,6603909062,A5091471139,100
295,sharon m gorski,sharon m gorski,13606279500,A5018920739,100
294,diane gromala,diane gromala,55940625900,A5090850435,100
291,byron d gates,byron d gates,7102128759,A5083686700,100
272,diane t finegood,diane t finegood,7006661968,A5000637278,100
271,mei lan fang,mei lan fang,59515679100,A5008149652,100
262,john e elliott,john e elliott,7402852788,A5076714348,100
260,martin ester,martin ester,6603359026,A5018267399,100
253,john c dill,john c dill,7101739265,A5109996927,100
252,peter dickinson,peter dickinson,37106290500,A5110108030,100
251,lawrence m dill,lawrence m dill,7006364690,A5109295339,100
249,ryan cn d’arcy,ryan cn d’arcy,56840385400,A5002868149,100
247,shahin e dashtgard,shahin e dashtgard,10044945300,A5052933344,100
246,kevin s douglas,kevin s douglas,7101692656,A5055295524,100
245,nicholas k dulvy,nicholas k dulvy,6701844802,A5011629984,100
244,kora debeck,kora debeck,16063277500,A5015210332,100
230,sheelagh carpendale,sheelagh carpendale,6507907377,A5012561411,100
216,roy l carlson,roy l carlson,7402666341,A5061833621,100
213,yuxi chen,yuxi chen,59549734700,A5100764265,100
12,juan josé alava,juan josé alava,12139754400,A5075325298,100
10,gail s anderson,gail s anderson,7404223891,A5046194198,100
6,lara b aknin,lara b aknin,23984324100,A5027537535,100
3,ben adcock,ben adcock,26432566700,A5065352983,100
2,jonn axsen,jonn axsen,26422020300,A5090491703,100
36,fiona sl l brinkman,fiona s l brinkman,7003805233,A5050197558,97
356,dalyong jin,dal yong jin,59794341400,A5041172302,96
80,avid v burley,david v burley,57218515194,A5062789412,96
1530,huazhong yu,hua‐zhong yu,57344777600,A5028734301,96
57,jean claude brodovitch,jean‐claude brodovitch,6602760504,A5081994847,95
41,jean françois bégin,jean‐françois bégin,57194196993,A5082339528,95
1127,carman g neustaedter,carman neustaedter,13009033100,A5034861201,95
32,éric m beauregard,éric beauregard,17344924200,A5059754376,94
43,nicholas k blomley,nicholas blomley,6602849168,A5028312431,94
293,frank apc gobas,frank a p c gobas,7004015125,A5059504272,94
1366,robert f woodbury,robert woodbury,7005006907,A5042215239,94
270,alice l fleerackers,alice fleerackers,57216524368,A5070557231,94
932,d lister,dg lister,59466159900,A5113887217,94
538,richard a lockhart,richard lockhart,7004445683,A5035238514,94
1053,akm k moniruzzaman,akm moniruzzaman,23982811900,A5109290787,94
1303,heather g stewart,heather stewart,7202198453,A5062879863,94
53,christopher t beh,christopher beh,6701548100,A5012256170,94
324,mohamed m hefeeda,mohamed hefeeda,20433459500,A5084024266,94
488,carl a lowenberger,carl lowenberger,6701782068,A5047490994,94
42,derek r bingham,derek bingham,57204216471,A5060689409,93
1167,jeremy c snyder,jeremy snyder,24170239100,A5034219029,93
82,rob ballantyne,roy ballantyne,59558455200,A5006368396,93
35,robert a britton,robert britton,7101816384,A5014010162,93
1353,jiacheng r wang,jiacheng wang,55878723400,A5100727957,93
248,steve r dipaola,steve dipaola,14035416700,A5008452037,93
1223,kevin t schnepel,kevin schnepel,25958420900,A5070431242,93
682,heng li,cheng li,57419438300,A5100354297,93
487,dana s lepofsky,dana lepofsky,6603240852,A5044844162,93
1051,atiya n mahmood,atiya mahmood,14047242400,A5027802940,93
1082,gulzari l malli,gulzari malli,6602411504,A5007536107,93
1188,jeff h sugarman,jeff sugarman,7102424546,A5103432794,93
1129,stuart j peacock,stuart peacock,55785767800,A5076902800,93
338,david h huntley,david huntley,57225303774,A5024239109,93
1134,patrick r palmer,patrick palmer,55848695200,A5090621082,93
56,matthew l brown,matthew brown,56972419000,A5041724055,93
384,ray a kostaschuk,ray kostaschuk,7003978136,A5073669293,93
1122,iain d mckenzie,iain mckenzie,7202607692,A5069964985,93
495,mila b lazarova,mila lazarova,9041422000,A5060103559,93
108,colin d copeland,colin copeland,36136875400,A5052851310,93
97,allison j carter,allison carter,55778469600,A5076004104,93
65,peter b borwein,peter borwein,7005219402,A5029261392,93
292,regine m gries,regine gries,7006335669,A5113549037,92
276,eugene l fiume,eugene fiume,7003516218,A5065764540,92
309, grant,d grant,59739987300,A5107864583,92
39,lyn r bartram,lyn bartram,6602174809,A5084098357,92
40,felix j breden,felix breden,6701607469,A5087576955,92
195,roy carlson,roy l carlson,59807760700,A5061833621,92
308,darren r grant,darren grant,35427036600,A5031508239,92
329,john c harriss,john harriss,7004475771,A5072123694,92
370,jeong bon kim,jeong‐bon kim,8304603800,A5019704910,92
1062,jack f martin,jack martin,7501555982,A5061285579,92
1046,evan c mccuish,evan mccuish,55330876200,A5078853898,92
1526,zuo guang ye,zuo‐guang ye,24443034100,A5029972713,92
1478,john m webster,john webster,7402197165,A5112228279,92
972,jian li,jia li,58436524800,A5100405681,92
942,qiu lin,qi lin,57856271800,A5102608112,92
367,dirk m kirste,dirk kirste,37061101500,A5021762945,92
113,dianne j cyr,dianne cyr,55410575200,A5111411523,91
1178,chris d shaw,chris shaw,7402629891,A5040961656,91
268,brian v funt,brian funt,7006906273,A5031537118,91
131,kieran d cox,kieran cox,57194499435,A5031419507,91
322,peter v hall,peter hall,57201225750,A5018086501,91
335,peter a hall,peter hall,55332947200,A5018086501,91
375,tae ho kim,tae‐ho kim,56168759700,A5100452164,90
165,jennifer cy chan,jennifer a chan,57656902600,A5067228740,90
130,krysta mila coyle,krysta m coyle,56304962400,A5046392619,90
642,kelsey lee,kelley lee,58669083900,A5019363540,90
1061,elicia ma maine,elicia maine,6701560668,A5026047261,89
844,fengke lin,feng lin,57212311896,A5101414835,89
221,d c cross,d s cross,58313184000,A5112788832,89
1316,john r thompson,j r thompson,55730132400,A5102732555,89
1562,hua zhang,hao zhang,56675471800,A5100397026,89
1339,tiago dias do vale,t dias do vale,57203328885,A5030251424,88
1078,david cyrus mirhady,david c mirhady,54961377700,A5074194048,88
236,xi chen,yuxi chen,57464181400,A5100764265,88
1187,carl james schwarz,carl j schwarz,7101995199,A5043600598,88
1158,miriam pearl rosin,miriam p rosin,7005291683,A5089589253,88
1189,sergio andrés sepúlveda,sergio a sepúlveda,8694415200,A5036506208,88
1070,anthony randal mcintosh,anthony r mcintosh,35465675000,A5050825978,88
1432,jiahe wang,jiacheng wang,57226131863,A5100727957,87
296,bonnie lynne gray,bonnie l gray,7202782646,A5110354105,87
364,karen l kavanagh,k l kavanagh,35433107700,A5028644503,86
1393,yi wang,qi wang,57225083226,A5100341251,86
421,gabor kunstatter,g kunstatter,57206924708,A5031077701,86
1076,margaret janey macdonald,margaret macdonald,7401501995,A5034867632,86
1016,jing li,ming li,57216939987,A5100351426,86
298,julian andrew guttman,julian a guttman,7004426183,A5034140760,86
1,alissa nicole antle,alissa n antle,15060073500,A5021991829,85
1548,zuo‑guang g ye,zuo‐guang ye,57248304100,A5029972713,85
1086,jennifer marchbank,jen marchbank,8507633600,A5043025737,84
138,yuchi chen,yuxi chen,57193485712,A5100764265,84
58,john harvey borden,john h borden,7007168968,A5074800507,84
92,kiffer george card,kiffer g card,57188649371,A5022830508,84
1561,miao zhang,hao zhang,57193678960,A5100397026,84
1575,xiao zhang,hao zhang,55330996300,A5100397026,84
1210,pietro spagnoletti,p spagnoletti,57188832538,A5071229096,84
519,jens lassen,j lassen,23094920500,A5088788971,84
1345,michel c vetterli,m c vetterli,56381653900,A5019316470,83
89,habib sadat chaudhury,habib chaudhury,9039040400,A5014665875,83
51,david leonard baillie,david l baillie,35241837000,A5016629898,83
441,pawel kowalski,p kowalski,57224748486,A5029296798,83
508,b l liu,b liu,58372717600,A5114378471,83
1164,caterina fortunata ramogida,caterina f ramogida,37034801500,A5016804317,83
269,andrew lewis feenberg,andrew feenberg,6602538264,A5009247091,83
227,yue chen,yuxi chen,57216638641,A5100764265,82
1421,fenqi wang,qi wang,57212385020,A5100341251,82
96,victoria elizabeth claydon,victoria e claydon,6506256529,A5075903269,82
1508,ruiqi wang,qi wang,57792895600,A5100341251,82
1183,bingyun sun,xiangyu sun,36488788000,A5060002954,82
1312,glen findlay tibbits,glen f tibbits,7004014332,A5028749728,82
1264,jon smith,jason r smith,57199073910,A5061800498,82
1361,tianzheng wang,jiacheng wang,55699245700,A5100727957,81
919,jiyuan li,jia li,57226157890,A5100405681,80
1585,mohan zhang,hao zhang,57217109201,A5100397026,80
965,d liu,b liu,59617524800,A5114378471,80
1074,mark a moore,margo m moore,7404470812,A5016934414,80
1438,xin wang,qi wang,58097854500,A5100341251,80
1385,pei wang,qi wang,57202576436,A5100341251,80
685,anjian li,jia li,57218566585,A5100405681,80
209,samara chaudhury,sidhartha chaudhury,59604801800,A5089946703,80
627,jiarui li,jia li,59785163100,A5100405681,80
1444,jie wang,qi wang,57218868125,A5100341251,80
1007,chenzheng li,cheng li,59152165700,A5100354297,80
1327,peter r thompson,j r thompson,57205651253,A5102732555,79
67,adam je blanchard,a blanchard,57204253956,A5090446557,79
267,gwenn elizabeth flowers,gwenn e flowers,7006875558,A5045013234,79
1348,andrew victor wister,andrew wister,6701495089,A5036927304,79
1595,nan zhang,hao zhang,26023886900,A5100397026,78
659,yejia liu,jiayi liu,57205377655,A5100370772,78
1293,bara singh,bp singh,57200378048,A5103582429,78
205,yubo chen,yuxi chen,57218701161,A5100764265,78
120,ying chen,yuxi chen,56040387500,A5100764265,78
1568,ray zhang,hao zhang,56083560200,A5100397026,78
452,mary kelly,barry c kelly,59673935300,A5077116272,78
1306,xiaoting sun,xiangyu sun,57223796303,A5060002954,78
224,hannah carpendale,sheelagh carpendale,58057749400,A5012561411,78
171,james k cavers,jk cavers,7005366081,A5034048445,78
1313,michael lw thewalt,m l w thewalt,7006609975,A5078132551,77
1512,jing xu,min xu,57196732836,A5100413849,77
228,j chen,mo chen,58745556500,A5100387244,77
1325,james thompson,j r thompson,57383215700,A5102732555,77
617,xin li,ming li,57189987947,A5100351426,77
274,jaimy fischer,alain fischer,57203659741,A5029004287,77
303,margaret grant,darren grant,36709627300,A5031508239,77
1014,jing li,jia li,57216939987,A5100405681,77
1099,shaun mcdonald,john j mcdonald,56697869300,A5077824553,76
1527,huazhong hogan yu,hua‐zhong yu,7405855808,A5028734301,76
1598,xiaoya zhang,hao zhang,57220902381,A5100397026,76
1322,joseph j thompson,j r thompson,56327680200,A5102732555,76
525,chelsey lee,kelley lee,57207257893,A5019363540,76
1272,dingyi sun,xiangyu sun,57219588667,A5060002954,76
243,matthias danninger,m danninger,26221746900,A5039614567,76
1605,howard zhang,hao zhang,58368085700,A5100397026,76
1445,jie wang,jiacheng wang,57218868125,A5100727957,76
824,jessica li,jia li,57197841332,A5100405681,75
115,si chen,yuxi chen,57200504717,A5100764265,75
122,imin chen,mo chen,35306560600,A5100387244,75
1214,leonard s sklar,l s sklar,7103239380,A5014602033,75
257,aryan davoudi,ali davoudi,59747461700,A5053089078,75
204,yubo chen,mo chen,57218701161,A5100387244,75
646,jiaxing li,jia li,58555571700,A5100405681,75
206,cong chen,mo chen,57221774756,A5100387244,75
1211,ana sonea,s sonea,57210852492,A5064139665,75
769,qiushi lin,qi lin,58481182500,A5102608112,75
1364,kath webster,john webster,36834394200,A5112228279,75
14,taylor m anderson,gail s anderson,56902130900,A5046194198,75
776,brandon lockhart,richard lockhart,57222179006,A5035238514,75
289,alexandra j fischer,alain fischer,59552623300,A5029004287,75
558,tingan li,ming li,57210262931,A5100351426,75
989,ken liu,helen liu,57364393000,A5101610756,75
1467,rina wang,qi wang,59537723600,A5100341251,75
1243,matthew c stewart,heather stewart,57199455286,A5062879863,75
126,long chen,mo chen,57202349101,A5100387244,75
161,shuo chen,mo chen,57842429100,A5100387244,75
494,daniel chonghwan lee,daniel c lee,57219039850,A5100392989,75
1213,andy sun,xiangyu sun,57195133952,A5060002954,74
1419,mengqin wang,qi wang,58118977100,A5100341251,74
1320,sheryl thompson,j r thompson,57193131544,A5102732555,74
61,sophie borwein,peter borwein,57203476618,A5029261392,74
979,huiwen liu,helen liu,57224590777,A5101610756,74
378,taeil kim,tae‐ho kim,57205700445,A5100452164,74
1072,andrea riccardo migone,andrea migone,16426069300,A5015345187,74
133,binyu chen,yuxi chen,57217236520,A5100764265,74
18,sam anderson,gail s anderson,57204007272,A5046194198,74
1108,ian mcdonald,john j mcdonald,59710417000,A5077824553,74
1117,ryley mcwilliams,robert r mcwilliams,59552894500,A5006194799,74
0,corina a andreoiu,c andreoiu,7003934114,A5006209868,74
1594,xiaowen zhang,hao zhang,58511137000,A5100397026,73
775,yanlin lim,angelica lim,55924372600,A5054803584,73
1566,zhitian zhang,hao zhang,57210362788,A5100397026,73
1567,chuxuan zhang,hao zhang,58148929600,A5100397026,73
37,t m bubela,tania bubela,6508289453,A5089546614,73
1252,xintian sun,xiangyu sun,56070983900,A5060002954,73
386,taeyoung kim,tae‐ho kim,57198491843,A5100452164,73
1475,feng wang,jiacheng wang,59815240100,A5100727957,73
1507,yang wang,jiacheng wang,57218475801,A5100727957,73
1288,xiaolin sun,xiangyu sun,57955378400,A5060002954,73
1125,julio sg montaner,joan montaner,7202587142,A5048009605,73
1244,chengyu sun,xiangyu sun,57221746537,A5060002954,73
258,barry s davids,b davids,7003344594,A5065529657,73
1323,joseph j thompson,sarah k thompson,56327680200,A5038186298,73
1208,n s smith,jason r smith,56127029700,A5061800498,73
984,ze liu,b liu,59535375500,A5114378471,73
1565,richard zhang,hao zhang,57219838274,A5100397026,73
1181,daniel m shapiro,stanley j shapiro,7402062870,A5027605617,73
1123,m j mishna,marni mishna,6508364063,A5082875903,73
5,diana m allen,ryan w allen,55808760900,A5039444427,72
1484,george watkins,g d watkins,58104898200,A5109056508,72
442,jeongmee kim,jeong‐bon kim,57218457561,A5019704910,72
1236,ryan j smith,jason r smith,59077181200,A5061800498,72
1359,jiannan wang,jiacheng wang,38863309000,A5100727957,72
683,heng li,ming li,57419438300,A5100351426,71
1603,ke zhang,hao zhang,58835262000,A5100397026,71
114,si chen,mo chen,57200504717,A5100387244,71
1369,bixia wang,qi wang,57205341535,A5100341251,71
151,rimika chaudhury,habib chaudhury,57210733942,A5014665875,71
766,qingcan li,ming li,57205694562,A5100351426,71
208,samara chaudhury,habib chaudhury,59604801800,A5014665875,71
13,mohammad akbari,mohsen akbari,57212395140,A5039506035,71
1391,haixu wang,qi wang,56590132700,A5100341251,71
513,eric lin,qi lin,36921090100,A5102608112,71
1494,ke wang,qi wang,55712748700,A5100341251,71
730,lily lin,qi lin,49863888400,A5102608112,71
732,ena lee,monica lee,59645048800,A5057346446,71
235,xi chen,mo chen,57464181400,A5100387244,71
1346,tony d williams,vance e williams,7404172708,A5010948237,71
153,qimin chen,mo chen,57382754500,A5100387244,71
1200,nicholas a scott,william a scott,39362313000,A5001064251,71
796,brian li,jia li,57203169041,A5100405681,71
1431,jiahe wang,qi wang,57226131863,A5100341251,71
648,jiaxing li,ming li,58555571700,A5100351426,71
241,bowen chen,mo chen,57219506217,A5100387244,71
1101,will f mckenzie,iain mckenzie,59319119500,A5069964985,71
632,lisa lin,qi lin,56537319300,A5102608112,71
1191,yadvinder singh,ravi chand singh,57206181709,A5047641614,71
950,feng liu,helen liu,57192301448,A5101610756,71
1470,natalie c williams,vance e williams,57217038690,A5010948237,71
17,aspen m anderson,gail s anderson,57194637587,A5046194198,71
574,binglin li,ming li,57205368212,A5100351426,71
1513,xiang xu,min xu,57188645378,A5100413849,71
1120,j a macdonald,margaret macdonald,58137797100,A5034867632,71
1335,brittni thompson,j r thompson,57216850907,A5102732555,71
259,ying duan,jun duan,57203331764,A5072983949,71
105,glenn h chapman,alexander l chapman,7202936504,A5042419426,71
1321,sheryl thompson,sarah k thompson,57193131544,A5038186298,71
1520,gavin xu,min xu,57226272921,A5100413849,71
578,shuxing li,ming li,55315987100,A5100351426,71
1317,john r thompson,sarah k thompson,55730132400,A5038186298,71
1523,qihan xu,min xu,59729857200,A5100413849,71
1333,david c thompson,j r thompson,57966537000,A5102732555,71
1398,yizhi wang,qi wang,57200661953,A5100341251,71
273,andreas fischer,alain fischer,57201733481,A5029004287,71
129,lei chen,yuxi chen,56612496600,A5100764265,71
1145,claire peacock,stuart peacock,57208062311,A5076902800,71
1480,yufei wang,qi wang,57222498131,A5100341251,71
974,jian li,ming li,58436524800,A5100351426,71
1279,rishav singh,ravi chand singh,59088317900,A5047641614,71
1173,krzysztof starosta,k starosta,7004073992,A5034578283,71
210,aimin chen,mo chen,55447267000,A5100387244,71
1477,aleyah williams,vance e williams,57225966700,A5010948237,71
543,zhida li,jia li,57190841490,A5100405681,71
412,dongho kim,jeong‐bon kim,57214770459,A5019704910,70
1606,xiaokong zhang,hao zhang,57222133578,A5100397026,70
1574,xiaoxing zhang,hao zhang,57202358222,A5100397026,70
238,siyuan chen,yuxi chen,59817205600,A5100764265,70
148,yixuan chen,yuxi chen,57328681600,A5100764265,70
194,jiayue chen,yuxi chen,57221630885,A5100764265,70
170,yizhou chen,yuxi chen,57382729000,A5100764265,70
297,g m gutman,gloria gutman,34769660700,A5049634235,70
430,dara kelly,barry c kelly,57192095652,A5077116272,70
1262,jialin song,xiaowei song,59444806000,A5036261443,70
1263,jenli shen,kelly shen,57206189589,A5006850713,70
601,jaeyong lee,ki‐young lee,39762111800,A5100719654,70
110,sean p cox,kieran cox,7401456247,A5031419507,70
1330,samantha henrie thompson,sarah k thompson,57224545759,A5038186298,70
1462,jason wang,jiacheng wang,58670992800,A5100727957,70
542,melanie lee,daniel c lee,57191731525,A5100392989,70
164,a m côté,isabelle m côté,57211556945,A5048073547,70
1152,jihyun park,youn‐il park,59720645100,A5072961887,70
240,yiting chen,yuxi chen,59353414700,A5100764265,70
1582,sarah zhang,hao zhang,57226464367,A5100397026,70
1601,yuzhi zhang,hao zhang,54390643800,A5100397026,70
220,william e copeland,colin copeland,7006006867,A5052851310,69
30,benjamin anderson,gail s anderson,57373810700,A5046194198,69
1557,hao richard zhang,hao zhang,55685656900,A5100397026,69
1483,xiaogang wang,jiacheng wang,57206601221,A5100727957,69
1170,julia h smith,jason r smith,57199012787,A5061800498,69
63,jordan brubacher,jeffrey r brubacher,57212676312,A5075496142,69
1294,cassidy ar smith,jason r smith,57222201926,A5061800498,69
1498,jonathan f williams,vance e williams,57217554285,A5010948237,69
339,danielle v harris,andrew b harris,55503085900,A5011644095,69
1324,emily m thornton,allen e thornton,57211992541,A5018971948,69
1430,xiaoying wang,jiacheng wang,57221799820,A5100727957,69
1406,heather williams,vance e williams,57657094200,A5010948237,69
152,rimika chaudhury,sidhartha chaudhury,57210733942,A5089946703,69
15,leif stefan anderson,gail s anderson,57220763731,A5046194198,69
431,jonghyeok kim,jeong‐bon kim,58727504600,A5019704910,69
1533,erik m young,robert n young,57204013252,A5063566841,69
1102,evan macdonald,margaret macdonald,57204080026,A5034867632,69
198,james carter,allison carter,57430332400,A5076004104,69
1224,cameron scott,jamie k scott,57213693372,A5045141972,69
1334,david c thompson,sarah k thompson,57966537000,A5038186298,69
1328,peter r thompson,sarah k thompson,57205651253,A5038186298,69
1201,nicholas a scott,charles scott,39362313000,A5039664215,69
1111,kyle macdonald,margaret macdonald,58770007400,A5034867632,69
168,stacey copeland,colin copeland,57203925185,A5052851310,69
261,lloyd t elliott,john e elliott,48662120400,A5076714348,69
1226,cameron scott,charles scott,57213693372,A5039664215,69
1119,paul macdonald,margaret macdonald,58573429900,A5034867632,69
1486,renjie wang,qi wang,57220783660,A5100341251,67
307,darren r grant,d grant,35427036600,A5107864583,67
1003,jessica lee,monica lee,58701988800,A5057346446,67
503,sieun lee,ki‐young lee,36644393200,A5100719654,67
988,ken liu,b liu,57364393000,A5114378471,67
522,chunmei li,cheng li,55696026700,A5100354297,67
1184,weiran sun,xiangyu sun,41862484700,A5060002954,67
912,mark lee,monica lee,57219825843,A5057346446,67
312,cameron j grant,darren grant,57211079732,A5031508239,67
556,tingan li,jia li,57210262931,A5100405681,67
1241,weilian song,xiaowei song,57203210763,A5036261443,67
183,anqi chen,yuxi chen,57219394662,A5100764265,67
566,yungshan lee,ki‐young lee,54882053400,A5100719654,67
1015,jing li,cheng li,57216939987,A5100354297,67
985,ze liu,helen liu,59535375500,A5101610756,67
717,jong-in lee,monica lee,58376421300,A5057346446,67
1387,hannah v watkins,g d watkins,57211912574,A5109056508,67
1499,z m wang,qi wang,55719869100,A5100341251,67
1589,jiarui zhang,hao zhang,58484470900,A5100397026,67
214,aotian chen,mo chen,59352990300,A5100387244,67
976,jacob loftus,joseph c loftus,59532629300,A5103252276,67
1496,yue wang,qi wang,7601513640,A5100341251,67
1273,jesse scott,jamie k scott,55790236900,A5045141972,67
1038,d mori,greg mori,56779709600,A5110713539,67
481,cheng li,chunmei li,57208500706,A5100427221,67
1563,zhilin zhang,hao zhang,57195335713,A5100397026,67
223,jing chen,yuxi chen,55049017000,A5100764265,67
1609,rui zhang,hao zhang,57445736500,A5100397026,67
9,douglas w allen,ryan w allen,7404328223,A5039444427,67
1602,jie zhang,hao zhang,56420749300,A5100397026,67
1307,alison shaw,chris shaw,56375618200,A5040961656,67
1318,jenifer l thewalt,m l w thewalt,6603791310,A5078132551,67
1464,peiwei wang,qi wang,57215193390,A5100341251,67
910,yilin liu,jiayi liu,57220551288,A5100370772,67
1459,yanbin wang,qi wang,59773982900,A5100341251,67
1463,jf williams,vance e williams,57213047389,A5010948237,67
577,shuxing li,cheng li,55315987100,A5100354297,67
369,emanuel krebs,dennis l krebs,56338995600,A5034589539,67
908,yilin liu,helen liu,57220551288,A5101610756,67
300,kristen l gray,bonnie l gray,57216797712,A5110354105,67
1300,reagan c smith,jason r smith,57224678034,A5061800498,67
1058,da ma,hang ma,55992234300,A5024389928,67
123,imin chen,yuxi chen,35306560600,A5100764265,67
174,xiaoban chen,yuxi chen,57218999689,A5100764265,67
970,helena lin,feng lin,59659333500,A5101414835,67
956,xilan liu,jiayi liu,58744569600,A5100370772,67
169,yizhou chen,mo chen,57382729000,A5100387244,67
150,liang cao,jiguo cao,57467068800,A5062483690,67
1367,simonw p watkins,g d watkins,57203069353,A5109056508,67
792,xiaosu li,jia li,57225920605,A5100405681,67
1417,zhengqing wang,qi wang,58864775700,A5100341251,67
1542,edgar c young,robert n young,7401838992,A5063566841,67
1118,lainey martin,jack martin,58951067900,A5061285579,67
1573,yijuan zhang,hao zhang,56066618800,A5100397026,67
1408,xinglu wang,jiacheng wang,58653787300,A5100727957,67
1572,yanyan zhang,hao zhang,58669484300,A5100397026,67
226,yue chen,mo chen,57216638641,A5100387244,67
282,bill t fischer,alain fischer,57221564747,A5029004287,67
1105,ankun ma,hang ma,57376116300,A5024389928,67
1110,alison j moore,margo m moore,58916532200,A5016934414,67
427,kyeong-min kim,jeong‐bon kim,57200325379,A5019704910,67
1439,xin wang,jiacheng wang,58097854500,A5100727957,67
388,dongwoo kim,jeong‐bon kim,57205207510,A5019704910,67
109,jeremy im carpendale,sheelagh carpendale,6602137442,A5012561411,67
1080,amber moore,margo m moore,57194524836,A5016934414,67
263,marina c elliott,john e elliott,55837840200,A5076714348,67
1449,zhe wang,jiacheng wang,59560883400,A5100727957,67
1331,stevie thompson,j r thompson,57220785307,A5102732555,67
202,maggie chen,mo chen,35314590800,A5100387244,67
266,zhenman fang,mei lan fang,38361266400,A5008149652,67
229,j chen,yuxi chen,58745556500,A5100764265,67
615,xin li,jia li,57189987947,A5100405681,67
1448,zhe wang,qi wang,59560883400,A5100341251,67
625,kun liu,yan‐jun liu,57217039511,A5100349652,67
1326,james thompson,sarah k thompson,57383215700,A5038186298,67
623,kun liu,b liu,57217039511,A5114378471,67
1341,richard t vaughan,rodney g vaughan,14632627000,A5078752648,67
954,xilan liu,helen liu,58744569600,A5101610756,67
1077,m s martin,jack martin,57223122081,A5061285579,67
1140,pei pei,jian pei,58830173600,A5062247330,67
310, grant,darren grant,59739987300,A5031508239,67
50,benjamin britton,robert britton,25643888600,A5014010162,67
1511,chi xu,min xu,56460553100,A5100413849,67
1476,tessa williams,vance e williams,59135267800,A5010948237,67
540,melanie lee,monica lee,57191731525,A5057346446,67
539,melanie lee,kelley lee,57191731525,A5019363540,67
162,shuo chen,yuxi chen,57842429100,A5100764265,67
480,cheng li,ming li,57208500706,A5100351426,67
128,lei chen,mo chen,56612496600,A5100387244,67
1275,jesse scott,charles scott,55790236900,A5039664215,67
1501,tao wang,qi wang,55949122700,A5100341251,67
1580,yuxuan zhang,hao zhang,57732522100,A5100397026,67
1577,zhongchen zhang,hao zhang,57211522444,A5100397026,67
7,sean c anderson,gail s anderson,25930284300,A5046194198,67
1597,zidong zhang,hao zhang,57951956700,A5100397026,67
1596,yutian zhang,hao zhang,57215863345,A5100397026,67
1610,lin zhang,hao zhang,59814155200,A5100397026,67
1590,jiajie zhang,hao zhang,58659062200,A5100397026,67
1380,shijia wang,jiacheng wang,57203011980,A5100727957,67
1584,yanshu zhang,hao zhang,58538506600,A5100397026,67
1608,xin zhang,hao zhang,56591076800,A5100397026,67
1379,shijia wang,qi wang,57203011980,A5100341251,67
770,ivan lau,kelvin lau,59433616000,A5064093289,67
1377,beidou wang,qi wang,55775560600,A5100341251,67
706,zheyuan li,cheng li,57224822134,A5100354297,67
1543,peter j young,robert n young,58158963700,A5063566841,67
1569,lishen zhang,hao zhang,57197774098,A5100397026,67
703,manyi li,ming li,57192068082,A5100351426,67
798,brian li,ming li,57203169041,A5100351426,67
800,wei li,jia li,57209238379,A5100405681,67
1407,xinglu wang,qi wang,58653787300,A5100341251,67
1570,fuyang zhang,hao zhang,57219650380,A5100397026,67
1571,jin zhang,hao zhang,56652361000,A5100397026,67
1424,yitong wang,jiacheng wang,59662621300,A5100727957,67
1423,yitong wang,qi wang,59662621300,A5100341251,67
157,tian chen,yuxi chen,57220043419,A5100764265,67
809,wonchul lee,monica lee,57264775600,A5057346446,67
666,linyi li,ming li,57211756552,A5100351426,67
1433,mengyi wang,qi wang,58867040100,A5100341251,67
1434,mengyi wang,jiacheng wang,58867040100,A5100727957,67
841,eric lee,monica lee,59710754100,A5057346446,67
1451,kenneth ck wong,jennifer s wong,57201989467,A5018101953,67
614,tawei liu,jiayi liu,56555456900,A5100370772,67
74,ethan brown,matthew brown,59467571400,A5041724055,67
1522,linwan xu,min xu,57434684800,A5100413849,67
859,zixuan li,jia li,57225184392,A5100405681,67
822,xinru li,ming li,57218939828,A5100351426,67
1428,keelan p watkins,g d watkins,55751438500,A5109056508,67
791,yihan lin,qi lin,58184442400,A5102608112,67
1418,zhengqing wang,jiacheng wang,58864775700,A5100727957,67
44,jessica bouchard,martin bouchard,57190967389,A5103242379,65
1116,deby mcintosh,anthony r mcintosh,57218189453,A5050825978,65
1405,joshua d wright,stephen c wright,57190386017,A5042007466,65
1220,gabriela aceves sepúlveda,sergio a sepúlveda,57196318181,A5036506208,65
1190,sergio andrés sepúlveda,g sepúlveda,8694415200,A5003757835,65
448,ian j kennedy,christopher j kennedy,57195586827,A5112019938,65
90,habib sadat chaudhury,sidhartha chaudhury,9039040400,A5089946703,65
1390,erin lori williams,vance e williams,57346112600,A5010948237,65
1084,rebecca a macdonald,margaret macdonald,57191885835,A5034867632,65
1332,stevie thompson,sarah k thompson,57220785307,A5038186298,65
1581,yanqing zhang,hao zhang,58250313900,A5100397026,64
1491,peiling wang,jiacheng wang,55718418500,A5100727957,64
1251,jaspreet singh,bp singh,57209207252,A5103582429,64
1489,xiaolei wang,jiacheng wang,58527206800,A5100727957,64
334,amy harris,andrew b harris,57668675700,A5011644095,64
1249,xiaohao sun,xiangyu sun,57902600900,A5060002954,64
1397,zezhong wang,jiacheng wang,57202051406,A5100727957,64
1153,yejin park,youn‐il park,59586745100,A5072961887,64
1148,kilim park,youn‐il park,59155485000,A5072961887,64
1583,jianqiu zhang,hao zhang,57234148200,A5100397026,64
1291,deanna em smith,jason r smith,57233205500,A5061800498,64
175,john calvert,andrew j calvert,56719213100,A5030736348,64
1237,alex k smith,jason r smith,57214307868,A5061800498,64
1238,william a scott,jamie k scott,57651636000,A5045141972,64
562,gaoyang liu,yan‐jun liu,57203062038,A5100349652,64
1299,ian y song,xiaowei song,17345491900,A5036261443,64
1468,rina wang,jiacheng wang,59537723600,A5100727957,64
172,calvin craig,lisa craig,57198036925,A5068113418,64
1420,mengqin wang,jiacheng wang,58118977100,A5100727957,64
1383,michael cp wang,jiacheng wang,55806545700,A5100727957,64
405,hae-yoon kim,jeong‐bon kim,56491905000,A5019704910,64
406,hae-yoon kim,tae‐ho kim,56491905000,A5100452164,64
1372,yuepeng wang,jiacheng wang,57192109237,A5100727957,64
1410,xiangxiang wang,jiacheng wang,57216315221,A5100727957,64
782,jonathan lee,monica lee,55147369200,A5057346446,64
1374,jeremy d wong,jennifer s wong,35390063600,A5018101953,64
1599,guojuan zhang,hao zhang,57191914913,A5100397026,64
636,jiangchuan liu,yan‐jun liu,59061428700,A5100349652,64
839,nelson lee,daniel c lee,57974923900,A5100392989,64
264,keenan elliott,john e elliott,58661178300,A5076714348,64
1356,liangliang wang,jiacheng wang,52264998100,A5100727957,64
1222,stephen j smith,jason r smith,55702263100,A5061800498,64
1260,william shen,kelly shen,57210853308,A5006850713,64
1196,jamie k scott,william a scott,57206879375,A5001064251,64
290,gerhard gries,regine gries,7006196798,A5113549037,64
286,carmen feng,changyong feng,59680719500,A5089845667,64
462,deborah v kelly,barry c kelly,7403137454,A5077116272,64
1242,brian stewart,heather stewart,57079535100,A5062879863,64
1268,wenqian sun,xiangyu sun,59225858600,A5060002954,64
1163,claire robson,arthur j robson,36708623300,A5032114320,64
1283,amritpal singh,bp singh,58730521700,A5103582429,64
997,monica lee,daniel c lee,57412158000,A5100392989,64
390,dongwoo kim,woo soo kim,57205207510,A5000223592,64
72,adnan azam bhatti,asim bhatti,59550144300,A5040015457,64
77,tom brown,matthew brown,57225808826,A5041724055,64
1112,jodie l martin,jack martin,56210958800,A5061285579,64
1098,richard a moore,margo m moore,56696653600,A5016934414,64
117,amy yo sue chen,mo chen,57209310043,A5100387244,64
417,woochul kim,woo soo kim,58658203400,A5000223592,64
385,taeyoung kim,jeong‐bon kim,57198491843,A5019704910,64
1607,zhe george zhang,hao zhang,57216960787,A5100397026,64
923,yan lim,angelica lim,58546087400,A5054803584,63
569,pengyu liu,helen liu,57204160662,A5101610756,63
1305,meng sun,xiangyu sun,57578986800,A5060002954,63
173,xiaoban chen,mo chen,57218999689,A5100387244,63
446,tommy kim,tae‐ho kim,58186749800,A5100452164,63
1071,xiaoqiang ma,hang ma,36930770600,A5024389928,63
960,weihua liu,jiayi liu,57222253228,A5100370772,63
121,rosemary claire collard,mark collard,50561130300,A5053375554,63
1564,peng zhang,hao zhang,56963027800,A5100397026,63
211,aimin chen,yuxi chen,55447267000,A5100764265,63
217,hongwen chen,mo chen,58666893100,A5100387244,63
755,minnie liu,jiayi liu,57211461392,A5100370772,63
1490,peiling wang,qi wang,55718418500,A5100341251,63
1001,jan lee,daniel c lee,57252778500,A5100392989,63
1488,xiaolei wang,qi wang,58527206800,A5100341251,63
878,ming yu lin,feng lin,57828636300,A5101414835,63
1256,sonia singh,bp singh,56268594600,A5103582429,63
256,siying duan,jun duan,57212346127,A5072983949,63
225,zhihao cao,jiguo cao,57713421400,A5062483690,63
201,jiaqi chen,yuxi chen,58018476700,A5100764265,63
1265,tony shen,kelly shen,58101663500,A5006850713,63
864,robyn lee,monica lee,58951232600,A5057346446,63
870,haggai liu,jiayi liu,57305249200,A5100370772,63
68,scott e bernstein,daniel m bernstein,55966833000,A5078816085,63
197,ziniu chen,yuxi chen,57432972100,A5100764265,63
1358,jiannan wang,qi wang,38863309000,A5100341251,63
154,qimin chen,yuxi chen,57382754500,A5100764265,63
777,gem y lee,kelley lee,58055605100,A5019363540,63
149,maeve cyr,dianne cyr,57206410778,A5111411523,63
1540,yang yu,hua‐zhong yu,57197518788,A5028734301,63
680,pinyao liu,jiayi liu,57703884300,A5100370772,63
8,douglas w allen,george e allen,7404328223,A5006221782,62
265,benedikt fischer,alain fischer,56603004800,A5029004287,62
1197,jamie k scott,charles scott,57206879375,A5039664215,62
760,linda c li,jia li,7501443732,A5100405681,62
1536,nathan young,robert n young,57207105229,A5063566841,62
119,ying chen,mo chen,56040387500,A5100387244,62
1143,alison l palmer,patrick palmer,57195211394,A5090621082,62
20,joshua m allen,ryan w allen,57754793200,A5039444427,62
27,george e allen,ryan w allen,58420270400,A5039444427,62
28,ryan w allen,george e allen,57203292425,A5006221782,62
764,qingcan li,jia li,57205694562,A5100405681,62
182,anqi chen,mo chen,57219394662,A5100387244,62
306,mackenzie graves,michael f graves,59539405400,A5001443059,62
73,malcolm brown,matthew brown,57220917282,A5041724055,62
1205,charles scott,jamie k scott,56898175500,A5045141972,62
156,tian chen,mo chen,57220043419,A5100387244,62
102,mo chen,yuxi chen,57007331200,A5100764265,62
1363,fangxing wang,jiacheng wang,57201917282,A5100727957,62
785,xiaohan li,jia li,59248899100,A5100405681,62
1100,ziyuan ma,hang ma,57225982687,A5024389928,62
1550,sherry young,robert n young,57824709500,A5063566841,62
547,belinda li,jia li,57215578322,A5100405681,62
850,bingfan liu,b liu,59487044600,A5114378471,62
1020,lun li,ming li,57211233276,A5100351426,62
512,eric lin,feng lin,36921090100,A5101414835,62
624,kun liu,helen liu,57217039511,A5101610756,62
1336,brittni thompson,sarah k thompson,57216850907,A5038186298,62
1021,lun li,chunmei li,57211233276,A5100427221,62
833,hanyu li,cheng li,57224091825,A5100354297,62
509,b l liu,helen liu,58372717600,A5101610756,62
1010,anna lin,feng lin,59464151500,A5101414835,62
1506,yang wang,qi wang,57218475801,A5100341251,62
1023,ke li,cheng li,57199453570,A5100354297,62
1503,stephanie wong,jennifer s wong,57193543860,A5018101953,62
222,jing chen,mo chen,55049017000,A5100387244,62
212,yuxi chen,mo chen,59549734700,A5100387244,62
714,lisette lockhart,richard lockhart,57212017911,A5035238514,62
231,gang chen,mo chen,57198649249,A5100387244,62
1292,bara singh,ravi chand singh,57200378048,A5047641614,62
949,feng liu,b liu,57192301448,A5114378471,62
1219,lisa shapiro,stanley j shapiro,52964512900,A5027605617,62
589,qing liu,b liu,56413233700,A5114378471,62
1456,yule wang,qi wang,57216771994,A5100341251,62
896,stephen chengxi li,cheng li,59545707900,A5100354297,62
921,jiyuan li,ming li,57226157890,A5100351426,62
60,sophie borwein,jonathan m borwein,57203476618,A5088720034,62
55,brittany bingham,derek bingham,56072429500,A5060689409,62
861,zixuan li,ming li,57225184392,A5100351426,62
872,jane sy li,jia li,58668755300,A5100405681,62
1453,isabella wang,jiacheng wang,57225188499,A5100727957,62
1447,jacqueline n watson,neil v watson,7404155073,A5083353743,62
944,weijie lin,qi lin,57225094561,A5102608112,62
1474,feng wang,qi wang,59815240100,A5100341251,62
434,tyler t kelly,barry c kelly,57216763095,A5077116272,62
1092,michaela martin,jack martin,55782570100,A5061285579,62
1254,jordan stewart,heather stewart,57203857150,A5062879863,62
1258,sukhman singh,ravi chand singh,57309134500,A5047641614,62
803,wei li,chunmei li,57209238379,A5100427221,62
802,wei li,ming li,57209238379,A5100351426,62
816,richard li,jia li,57888134600,A5100405681,62
660,xiaorui li,jia li,56306779600,A5100405681,62
1104,rhiannon c moore,margo m moore,57211922024,A5016934414,62
1103,rhiannon c moore,jonathan w moore,57211922024,A5070014514,62
1517,michael xu,min xu,58565166900,A5100413849,62
1519,linghao xu,min xu,57223724983,A5100413849,62
1505,jennifer wang,jiacheng wang,55833173500,A5100727957,62
901,keon ju lee,ki‐young lee,59249485500,A5100719654,61
1221,gabriela aceves sepúlveda,g sepúlveda,57196318181,A5003757835,61
905,hyunwoo lee,ki‐young lee,55751730700,A5100719654,61
1137,hansol park,youn‐il park,57214123031,A5072961887,61
1399,yizhi wang,jiacheng wang,57200661953,A5100727957,61
718,jong-in lee,ki‐young lee,58376421300,A5100719654,61
76,sean brown,matthew brown,57543086500,A5041724055,61
64,peter b borwein,jonathan m borwein,7005219402,A5088720034,61
695,chaochun liu,yan‐jun liu,57203659208,A5100349652,61
16,shelbie f anderson,gail s anderson,57207959600,A5046194198,61
1422,fenqi wang,jiacheng wang,57212385020,A5100727957,61
1547,paul yeung,rae s m yeung,57203989505,A5040872283,61
1370,bixia wang,jiacheng wang,57205341535,A5100727957,61
466,bingxuan liu,yan‐jun liu,58603818900,A5100349652,61
453,seyeon kim,jeong‐bon kim,57817056000,A5019704910,61
1329,samantha henrie thompson,j r thompson,57224545759,A5102732555,61
637,jiangchuan liu,jiayi liu,59061428700,A5100370772,61
652,hsufeng lee,ki‐young lee,55924615100,A5100719654,61
1088,cristina moretti,marlene m moretti,54791313600,A5084640796,61
422,suhong kim,jeong‐bon kim,57221141737,A5019704910,61
806,hanhung lee,ki‐young lee,57473697300,A5100719654,61
1301,huiyin song,xiaowei song,56706695700,A5036261443,61
909,yilin liu,yan‐jun liu,57220551288,A5100349652,60
530,zenghui liu,helen liu,56599407500,A5101610756,60
1442,austin t wang,qi wang,58723315100,A5100341251,60
836,nelson lee,kelley lee,57974923900,A5019363540,60
853,bingfan liu,jiayi liu,59487044600,A5100370772,60
837,nelson lee,monica lee,57974923900,A5057346446,60
1343,kaitey vincent,nicholas vincent,57217490434,A5070837664,60
579,shuxing li,chunmei li,55315987100,A5100427221,60
736,martin lee,monica lee,55716885000,A5057346446,60
715,liyi lim,angelica lim,57323476000,A5054803584,60
215,aotian chen,yuxi chen,59352990300,A5100764265,60
1592,xilun zhang,hao zhang,57545971500,A5100397026,60
934,suemin lee,monica lee,57222084312,A5057346446,60
1296,fiona shaw,chris shaw,59203658200,A5040961656,60
955,xilan liu,yan‐jun liu,58744569600,A5100349652,60
1295,jacob c stewart,heather stewart,57217227079,A5062879863,60
886,zhen lisa li,cheng li,59197740200,A5100354297,60
877,wu lucas,emma s lucas,58668568200,A5078476389,60
1452,isabella wang,qi wang,57225188499,A5100341251,60
982,jianping lin,feng lin,57204916659,A5101414835,60
843,eric lee,daniel c lee,59710754100,A5100392989,60
125,zhiqin chen,yuxi chen,57214778958,A5100764265,60
1362,fangxing wang,qi wang,57201917282,A5100341251,60
1394,yi wang,jiacheng wang,57225083226,A5100727957,60
180,guanzhou chen,mo chen,57699420000,A5100387244,60
1166,shuvay singh,bp singh,59156749500,A5103582429,60
167,wuyang chen,yuxi chen,57214459624,A5100764265,60
160,anqi a chen,yuxi chen,58830295700,A5100764265,60
192,zhuang chen,yuxi chen,57209849920,A5100764265,60
203,maggie chen,yuxi chen,35314590800,A5100764265,60
1604,weiji zhang,hao zhang,59359288300,A5100397026,60
757,xiulong liu,helen liu,55981047600,A5101610756,60
277,hao fang,mei lan fang,58023063200,A5008149652,60
749,kenneth liu,helen liu,57974743200,A5101610756,60
1149,jim park,youn‐il park,57219910435,A5072961887,60
712,xiaoxue liu,jiayi liu,57204556952,A5100370772,60
177,wenzhi chen,yuxi chen,55716068400,A5100764265,60
112,thomas william claydon,victoria e claydon,12789638400,A5075903269,60
155,john r calvert,andrew j calvert,58827810200,A5030736348,60
1504,jennifer wang,qi wang,55833173500,A5100341251,60
1109,alison j moore,jonathan w moore,58916532200,A5070014514,60
1429,xiaoying wang,qi wang,57221799820,A5100341251,60
1267,eilidh singh,bp singh,59204809200,A5103582429,60
423,suhong kim,tae‐ho kim,57221141737,A5100452164,60
419,chaeri kim,tae‐ho kim,59103083900,A5100452164,60
413,dongho kim,tae‐ho kim,57214770459,A5100452164,60
658,yejia liu,yan‐jun liu,57205377655,A5100349652,60
563,gaoyang liu,jiayi liu,57203062038,A5100370772,60
506,henry wj lin,feng lin,56159860200,A5101414835,60
1495,ke wang,jiacheng wang,55712748700,A5100727957,60
1280,rishav singh,bp singh,59088317900,A5103582429,60
489,angel my lin,feng lin,56444693800,A5101414835,60
813,carlos lee,monica lee,57220892325,A5057346446,60
1282,amritpal singh,ravi chand singh,58730521700,A5047641614,60
454,seyeon kim,tae‐ho kim,57817056000,A5100452164,60
1482,xiaogang wang,qi wang,57206601221,A5100341251,60
1479,aidan a wright,stephen c wright,57217232942,A5042007466,60
1455,senhung wong,jennifer s wong,57829144400,A5018101953,59
1461,jason wang,qi wang,58670992800,A5100341251,59
549,belinda li,ming li,57215578322,A5100351426,59
134,stephanie g craig,lisa craig,55520207400,A5068113418,59
219,shun cao,jiguo cao,58828197400,A5062483690,59
592,qing liu,jiayi liu,56413233700,A5100370772,59
1094,janet lynn s moore,jonathan w moore,56246268300,A5070014514,59
464,bingxuan liu,b liu,58603818900,A5114378471,59
132,binyu chen,mo chen,57217236520,A5100387244,59
1525,qinghong xu,min xu,57221150139,A5100413849,59
1289,laurie w smith,jason r smith,36028910700,A5061800498,59
999,jan lee,monica lee,57252778500,A5057346446,59
137,yuchi chen,mo chen,57193485712,A5100387244,59
1342,adam david vaughan,rodney g vaughan,57193751866,A5078752648,59
353,samantha jean jones,steven jm jones,57193384181,A5100728059,59
762,linda c li,ming li,7501443732,A5100351426,59
349,eric w jones,steven jm jones,57200080124,A5100728059,59
24,alireza akbari,mohsen akbari,58906713600,A5039506035,59
1404,zhuangfei wang,jiacheng wang,58119559500,A5100727957,59
684,heng li,chunmei li,57419438300,A5100427221,59
731,ena lee,kelley lee,59645048800,A5019363540,59
81,adlih britton,robert britton,58878056100,A5014010162,59
787,xiaohan li,ming li,59248899100,A5100351426,59
255,anthony duffy,ciarán m duffy,57226474608,A5055246678,59
691,haijuan li,ming li,57218401984,A5100351426,59
196,ziniu chen,mo chen,57432972100,A5100387244,59
200,jiaqi chen,mo chen,58018476700,A5100387244,59
790,yihan lin,feng lin,58184442400,A5101414835,59
879,ming yu lin,qi lin,57828636300,A5102608112,59
596,wenzao li,cheng li,56089546300,A5100354297,59
590,qing liu,helen liu,56413233700,A5101610756,59
557,tingan li,cheng li,57210262931,A5100354297,59
1425,morgan j wright,stephen c wright,57222193262,A5042007466,58
118,amy yo sue chen,yuxi chen,57209310043,A5100764265,58
409,hoyoung kim,jeong‐bon kim,58860015500,A5019704910,58
1545,yunzhijun yu,hua‐zhong yu,57778940100,A5028734301,58
1412,abeline rose watkins,g d watkins,57209008066,A5109056508,58
1414,nena y wang,jiacheng wang,57208820425,A5100727957,58
381,lawrence h kim,tae‐ho kim,56742755100,A5100452164,58
1411,andrew s wright,stephen c wright,57221311967,A5042007466,58
372,jeong bon kim,woo soo kim,8304603800,A5000223592,58
1373,andrew g wright,stephen c wright,56178007800,A5042007466,58
75,brandi anne berry,nicole s berry,58957897000,A5062493243,58
1248,nicole k stewart,heather stewart,57226135660,A5062879863,58
283,xinyi feng,changyong feng,59151378900,A5089845667,58
745,callum lucas,emma s lucas,58511384100,A5078476389,58
1097,richard a moore,jonathan w moore,56696653600,A5070014514,58
669,rebekah hy lee,kelley lee,57221940572,A5019363540,58
605,jeonghun lee,ki‐young lee,57206734156,A5100719654,58
425,vicki kelly,barry c kelly,57183847800,A5077116272,58
394,suyoung kim,jeong‐bon kim,57211871654,A5019704910,58
1270,harsimran singh,ravi chand singh,59114739500,A5047641614,58
484,paul chi hang li,cheng li,55638723000,A5100354297,58
1285,huiqian song,xiaowei song,58153782700,A5036261443,58
969,adrian c lim,angelica lim,57711932900,A5054803584,58
1487,renjie wang,jiacheng wang,57220783660,A5100727957,58
1446,anna cullis watson,neil v watson,59673212800,A5083353743,58
1298,neale smith,jason r smith,18438063200,A5061800498,58
584,frank js lee,daniel c lee,23484073300,A5100392989,58
59,tom c brown,matthew brown,24433859000,A5041724055,58
1297,erica smith,jason r smith,57740474400,A5061800498,58
1460,yanbin wang,jiacheng wang,59773982900,A5100727957,58
1579,yiming zhang,hao zhang,57654567800,A5100397026,57
1591,tingyu zhang,hao zhang,59151047800,A5100397026,57
1233,yanxin shen,kelly shen,59503924000,A5006850713,57
1587,erique zhang,hao zhang,57221559134,A5100397026,57
754,minnie liu,yan‐jun liu,57211461392,A5100349652,57
302,margaret grant,d grant,36709627300,A5107864583,57
1376,kenneth kin lam wong,jennifer s wong,57204153607,A5018101953,57
899,keon ju lee,kelley lee,59249485500,A5019363540,57
900,keon ju lee,monica lee,59249485500,A5057346446,57
594,feng lin,qi lin,57191371558,A5102608112,57
1302,ryland shaw,chris shaw,57955058600,A5040961656,57
580,hoikwan lau,kelvin lau,36864012100,A5064093289,57
915,shuqi liu,b liu,58057756500,A5114378471,57
723,yerin lee,ki‐young lee,57203855079,A5100719654,57
726,dongmeng liu,helen liu,57202874971,A5101610756,57
326,michael w hart,stephen d hart,55684330400,A5055395163,57
19,joshua m allen,george e allen,57754793200,A5006221782,57
780,gem y lee,daniel c lee,58055605100,A5100392989,57
1403,zhuangfei wang,qi wang,58119559500,A5100341251,57
697,jiayi liu,b liu,58550253900,A5114378471,57
701,manyi li,jia li,57192068082,A5100405681,57
1165,shuvay singh,ravi chand singh,59156749500,A5047641614,57
357,cheng jin,dal yong jin,58078867300,A5041172302,57
553,chunhong liu,helen liu,57218798436,A5101610756,57
534,dennis y liu,helen liu,57203150185,A5101610756,57
945,baiyu li,jia li,58262011500,A5100405681,57
953,xilan liu,b liu,58744569600,A5114378471,57
1136,karen s palmer,patrick palmer,55959354500,A5090621082,57
376,tae ho kim,woo soo kim,56168759700,A5000223592,57
391,boah kim,jeong‐bon kim,57787556200,A5019704910,57
1360,tianzheng wang,qi wang,55699245700,A5100341251,57
694,chaochun liu,helen liu,57203659208,A5101610756,57
410,hoyoung kim,tae‐ho kim,58860015500,A5100452164,57
664,linyi li,jia li,57211756552,A5100405681,57
679,pinyao liu,yan‐jun liu,57703884300,A5100349652,57
414,dongho kim,woo soo kim,57214770459,A5000223592,57
424,suhong kim,woo soo kim,57221141737,A5000223592,57
820,xinru li,jia li,57218939828,A5100405681,57
654,chingchiu lin,feng lin,57155348500,A5101414835,57
599,jaeyong lee,kelley lee,39762111800,A5019363540,57
570,pengyu liu,yan‐jun liu,57204160662,A5100349652,57
907,yilin liu,b liu,57220551288,A5114378471,57
883,jiangchuan jc liu,yan‐jun liu,59732151800,A5100349652,57
966,d liu,helen liu,59617524800,A5101610756,57
968,d liu,jiayi liu,59617524800,A5100370772,57
1469,nesha wright,stephen c wright,57219108289,A5042007466,57
656,yejia liu,b liu,57205377655,A5114378471,57
801,wei li,cheng li,57209238379,A5100354297,57
1253,shuoge shen,kelly shen,57223370102,A5006850713,57
1259,sukhman singh,bp singh,57309134500,A5103582429,57
438,anny kim,jeong‐bon kim,58090502900,A5019704910,57
1266,eilidh singh,ravi chand singh,59204809200,A5047641614,57
1435,jordan m wong,jennifer s wong,57226533093,A5018101953,57
1436,maitland w waddell,charlotte waddell,57331705700,A5086742456,57
1083,sami ma,hang ma,57829839300,A5024389928,57
611,tawei liu,b liu,56555456900,A5114378471,57
1284,shaoyu shen,kelly shen,57850532700,A5006850713,57
536,dennis y liu,jiayi liu,57203150185,A5100370772,57
1515,cheng xu,min xu,57192005445,A5100413849,57
1521,xueyi xu,min xu,58644846400,A5100413849,57
455,seyeon kim,woo soo kim,57817056000,A5000223592,57
1073,mark a moore,jonathan w moore,7404470812,A5070014514,57
467,bingxuan liu,jiayi liu,58603818900,A5100370772,57
143,qinghua chen,yuxi chen,57992064100,A5100764265,57
1497,yue wang,jiacheng wang,7601513640,A5100727957,57
1502,tao wang,jiacheng wang,55949122700,A5100727957,57
847,min-hye lee,monica lee,57225983721,A5057346446,57
855,grayson lee,monica lee,59137357900,A5057346446,57
832,hanyu li,jia li,57224091825,A5100405681,57
1011,anna lin,qi lin,59464151500,A5102608112,57
608,guiliang liu,helen liu,57204467338,A5101610756,57
610,guiliang liu,jiayi liu,57204467338,A5100370772,57
980,huiwen liu,yan‐jun liu,57224590777,A5100349652,57
865,robyn lee,ki‐young lee,58951232600,A5100719654,57
1019,lun li,cheng li,57211233276,A5100354297,57
504,sieun lee,daniel c lee,36644393200,A5100392989,57
616,xin li,cheng li,57189987947,A5100354297,57
622,arita li liu,jiayi liu,57200987873,A5100370772,57
600,jaeyong lee,monica lee,39762111800,A5057346446,57
1586,ruilin zhang,hao zhang,57216635351,A5100397026,57
1386,pei wang,jiacheng wang,57202576436,A5100727957,57
233,shaohuang chen,mo chen,57226542790,A5100387244,57
1225,cameron scott,william a scott,57213693372,A5001064251,57
743,xingtu liu,yan‐jun liu,59424708200,A5100349652,57
237,siyuan chen,mo chen,59817205600,A5100387244,56
1402,quincy qingwen wang,jiacheng wang,58244402500,A5100727957,56
193,jiayue chen,mo chen,57221630885,A5100387244,56
207,cong chen,yuxi chen,57221774756,A5100764265,56
232,gang chen,yuxi chen,57198649249,A5100764265,56
1278,dongwook song,xiaowei song,58635017900,A5036261443,56
983,jianping lin,qi lin,57204916659,A5102608112,56
1492,g gary wang,qi wang,55599185800,A5100341251,56
990,ken liu,yan‐jun liu,57364393000,A5100349652,56
1276,harman jit singh,ravi chand singh,57210800828,A5047641614,56
612,tawei liu,helen liu,56555456900,A5101610756,56
840,eric lee,kelley lee,59710754100,A5019363540,56
647,jiaxing li,cheng li,58555571700,A5100354297,56
548,belinda li,cheng li,57215578322,A5100354297,56
831,vivian py lee,daniel c lee,58323846600,A5100392989,56
439,anny kim,tae‐ho kim,58090502900,A5100452164,56
1437,cyrus wong,jennifer s wong,57218499092,A5018101953,56
546,zhida li,chunmei li,57190841490,A5100427221,56
1035,paul ch li,cheng li,59806039000,A5100354297,56
835,hanyu li,chunmei li,57224091825,A5100427221,56
239,yiting chen,mo chen,59353414700,A5100387244,56
774,janghyeon lee,daniel c lee,58374461300,A5100392989,56
573,binglin li,cheng li,57205368212,A5100354297,56
911,mark lee,kelley lee,57219825843,A5019363540,56
916,shuqi liu,helen liu,58057756500,A5101610756,56
704,manyi li,chunmei li,57192068082,A5100427221,56
147,yixuan chen,mo chen,57328681600,A5100387244,56
1151,k park,youn‐il park,58640561800,A5072961887,56
1416,megan wong,jennifer s wong,57199402843,A5018101953,56
1554,adrian yeung,rae s m yeung,59398517900,A5040872283,56
1552,james young,robert n young,57718687400,A5063566841,56
352,jiongchao jin,dal yong jin,57203991019,A5041172302,56
191,zhuang chen,mo chen,57209849920,A5100387244,56
186,zhefan chen,mo chen,57222654013,A5100387244,56
275,jennifer fang,mei lan fang,56856315600,A5008149652,56
176,wenzhi chen,mo chen,55716068400,A5100387244,56
765,qingcan li,cheng li,57205694562,A5100354297,56
337,kirk a hart,michael w hart,57192158322,A5053201473,56
166,wuyang chen,mo chen,57214459624,A5100387244,56
943,weijie lin,feng lin,57225094561,A5101414835,56
918,shuqi liu,jiayi liu,58057756500,A5100370772,56
690,haijuan li,cheng li,57218401984,A5100354297,56
392,boah kim,tae‐ho kim,57787556200,A5100452164,56
383,angel m kennedy,christopher j kennedy,58589358400,A5112019938,56
124,zhiqin chen,mo chen,57214778958,A5100387244,56
1142,kwangjin park,youn‐il park,57188670296,A5072961887,56
1413,nena y wang,qi wang,57208820425,A5100341251,56
127,long chen,yuxi chen,57202349101,A5100764265,56
408,jeremiah c kennedy,christopher j kennedy,56900363300,A5112019938,56
667,linyi li,chunmei li,57211756552,A5100427221,56
159,anqi a chen,mo chen,58830295700,A5100387244,56
1546,jesse young,robert n young,57221630135,A5063566841,56
786,xiaohan li,cheng li,59248899100,A5100354297,56
817,richard li,cheng li,57888134600,A5100354297,56
885,zhen lisa li,jia li,59197740200,A5100405681,56
1471,robert wang,qi wang,57987067400,A5100341251,56
657,yejia liu,helen liu,57205377655,A5101610756,56
78,kevin berry,nicole s berry,57222713464,A5062493243,56
1218,victor y song,xiaowei song,57189496835,A5036261443,56
69,jeremy brown,matthew brown,55724445300,A5041724055,56
676,shanna my li,chunmei li,57221738372,A5100427221,55
411,hoyoung kim,woo soo kim,58860015500,A5000223592,55
1147,aerin park,youn‐il park,57219005299,A5072961887,55
400,kijin kim,jeong‐bon kim,57223212678,A5019704910,55
1409,xiangxiang wang,qi wang,57216315221,A5100341251,55
396,suyoung kim,woo soo kim,57211871654,A5000223592,55
397,barun kim,jeong‐bon kim,57203171282,A5019704910,55
1106,d ma,hang ma,59203928900,A5024389928,55
1473,calvin st wong,jennifer s wong,58555860700,A5018101953,55
1395,warren hl wong,jennifer s wong,56818299900,A5018101953,55
287,shu feng,changyong feng,59477828100,A5089845667,55
758,xiulong liu,yan‐jun liu,55981047600,A5100349652,55
1588,xueying zhang,hao zhang,59315530000,A5100397026,55
1593,qingxin zhang,hao zhang,57609969300,A5100397026,55
1382,michael cp wang,qi wang,55806545700,A5100341251,55
185,winfield chen,yuxi chen,57221318908,A5100764265,55
181,guanzhou chen,yuxi chen,57699420000,A5100764265,55
935,suemin lee,ki‐young lee,57222084312,A5100719654,55
929,chae rim lee,monica lee,57219309476,A5057346446,55
1457,yule wang,jiacheng wang,57216771994,A5100727957,55
311,cameron j grant,d grant,57211079732,A5107864583,55
355,vivian jin,dal yong jin,57221543903,A5041172302,55
565,yungshan lee,monica lee,54882053400,A5057346446,55
711,xiaoxue liu,yan‐jun liu,57204556952,A5100349652,55
1198,linfeng shen,kelly shen,57266965100,A5006850713,55
1281,weiping shen,kelly shen,8984033900,A5006850713,55
993,victor z lau,kelvin lau,57783687700,A5064093289,55
1022,ke li,jia li,57199453570,A5100405681,55
531,zenghui liu,yan‐jun liu,56599407500,A5100349652,55
1027,sanghoon lee,monica lee,57212311772,A5057346446,55
1510,da xu,min xu,55979490100,A5100413849,55
852,bingfan liu,yan‐jun liu,59487044600,A5100349652,55
1043,jonathan w moore,margo m moore,7405239862,A5016934414,55
1063,margo m moore,jonathan w moore,7404470908,A5070014514,55
476,kelley lee,daniel c lee,55540777300,A5100392989,55
475,kelley lee,ki‐young lee,55540777300,A5100719654,55
136,jiacheng chen,yuxi chen,57203151209,A5100764265,55
645,kelsey lee,daniel c lee,58669083900,A5100392989,55
443,jeongmee kim,tae‐ho kim,57218457561,A5100452164,55
644,kelsey lee,ki‐young lee,58669083900,A5100719654,55
1441,johnathan wong,jennifer s wong,57216289076,A5018101953,55
1068,danièle moore,jonathan w moore,55465414300,A5070014514,55
1518,ke xu,min xu,56878066700,A5100413849,55
1352,jiacheng r wang,qi wang,55878723400,A5100341251,55
1355,liangliang wang,qi wang,52264998100,A5100341251,55
737,martin lee,ki‐young lee,55716885000,A5100719654,55
738,martin lee,daniel c lee,55716885000,A5100392989,55
750,kenneth liu,yan‐jun liu,57974743200,A5100349652,55
604,jeonghun lee,monica lee,57206734156,A5057346446,55
1199,nicholas a scott,jamie k scott,39362313000,A5045141972,55
1009,chenzheng li,chunmei li,59152165700,A5100427221,55
996,monica lee,ki‐young lee,57412158000,A5100719654,55
1216,david l shen,kelly shen,24451155400,A5006850713,55
1215,patricia m smith,jason r smith,57204097994,A5061800498,55
516,careesa chang liu,helen liu,42661778400,A5101610756,54
254,john c dill,lawrence m dill,7101739265,A5109295339,54
1069,danièle moore,margo m moore,55465414300,A5016934414,54
1454,victor wong,jennifer s wong,57219604829,A5018101953,54
281,jingxue feng,changyong feng,57204292684,A5089845667,54
1443,austin t wang,jiacheng wang,58723315100,A5100727957,54
1287,maheeppartap singh,bp singh,57225052322,A5103582429,54
250,lawrence m dill,john c dill,7006364690,A5109996927,54
1401,quincy qingwen wang,qi wang,58244402500,A5100341251,54
1553,pamela young,robert n young,56548002700,A5063566841,54
347,jacob jones,steven jm jones,57225877358,A5100728059,54
1458,angela wong,jennifer s wong,58159154400,A5018101953,54
1600,john zhijia zhang,hao zhang,58179397300,A5100397026,54
305,amanda r gray,bonnie l gray,58870402100,A5110354105,54
351,julie jones,steven jm jones,56319280200,A5100728059,54
1154,chang-min park,youn‐il park,57195200219,A5072961887,54
342,wayne jones,steven jm jones,7404562890,A5100728059,54
884,jiangchuan jc liu,jiayi liu,59732151800,A5100370772,54
551,andrew r lewis,steven lewis,13204505400,A5044719058,54
52,tanya m brown,matthew brown,35336009100,A5041724055,54
1033,sabrina sm lee,daniel c lee,27169595700,A5100392989,54
1529,h henny yeung,rae s m yeung,8871485900,A5040872283,54
1426,serena wong,jennifer s wong,57221334051,A5018101953,54
398,barun kim,tae‐ho kim,57203171282,A5100452164,53
568,pengyu liu,b liu,57204160662,A5114378471,53
677,pinyao liu,b liu,57703884300,A5114378471,53
655,chingchiu lin,qi lin,57155348500,A5102608112,53
958,weihua liu,helen liu,57222253228,A5101610756,53
962,keon ju maverick lee,monica lee,59558996300,A5057346446,53
957,weihua liu,b liu,57222253228,A5114378471,53
571,pengyu liu,jiayi liu,57204160662,A5100370772,53
947,baiyu li,ming li,58262011500,A5100351426,53
951,feng liu,yan‐jun liu,57192301448,A5100349652,53
987,ze liu,jiayi liu,59535375500,A5100370772,53
141,michelle t chan,jennifer a chan,56714593900,A5067228740,53
331,margaret isabel hall,peter hall,16041779300,A5018086501,53
1396,zezhong wang,qi wang,57202051406,A5100341251,53
688,anjian li,chunmei li,57218566585,A5100427221,53
1144,rachel yoonjo park,youn‐il park,58335901900,A5072961887,53
630,jiarui li,chunmei li,59785163100,A5100427221,53
863,robyn lee,kelley lee,58951232600,A5019363540,53
1000,jan lee,ki‐young lee,57252778500,A5100719654,53
242,bowen chen,yuxi chen,57219506217,A5100764265,53
1008,chenzheng li,ming li,59152165700,A5100351426,53
973,jian li,cheng li,58436524800,A5100354297,53
734,ena lee,daniel c lee,59645048800,A5100392989,53
1389,simon ji hau wang,jiacheng wang,36496079000,A5100727957,53
740,luyao lin,qi lin,57194191419,A5102608112,53
741,xingtu liu,b liu,59424708200,A5114378471,53
744,xingtu liu,jiayi liu,59424708200,A5100370772,53
742,xingtu liu,helen liu,59424708200,A5101610756,53
752,minnie liu,b liu,57211461392,A5114378471,53
753,minnie liu,helen liu,57211461392,A5101610756,53
501,sieun lee,kelley lee,36644393200,A5019363540,53
502,sieun lee,monica lee,36644393200,A5057346446,53
1514,shaoyi xu,min xu,55813784100,A5100413849,53
868,haggai liu,helen liu,57305249200,A5101610756,53
978,huiwen liu,b liu,57224590777,A5114378471,53
889,guanyu li,jia li,59390171200,A5100405681,53
981,huiwen liu,jiayi liu,57224590777,A5100370772,53
142,qinghua chen,mo chen,57992064100,A5100387244,53
492,daniel chonghwan lee,monica lee,57219039850,A5057346446,53
1261,john shen,kelly shen,59331322000,A5006850713,53
1286,maheeppartap singh,ravi chand singh,57225052322,A5047641614,53
1524,leshun xu,min xu,57554657900,A5100413849,53
545,zhida li,ming li,57190841490,A5100351426,53
867,haggai liu,b liu,57305249200,A5114378471,53
834,hanyu li,ming li,57224091825,A5100351426,53
1025,ke li,chunmei li,57199453570,A5100427221,53
595,wenzao li,jia li,56089546300,A5100405681,53
641,angelica (min hye) lee,daniel c lee,57215776540,A5100392989,53
591,qing liu,yan‐jun liu,56413233700,A5100349652,53
733,ena lee,ki‐young lee,59645048800,A5100719654,53
178,changan chen,mo chen,57219740329,A5100387244,53
1466,dickson ts wong,jennifer s wong,57561093100,A5018101953,53
350,bradley r jones,steven jm jones,56325285700,A5100728059,53
721,yerin lee,kelley lee,57203855079,A5019363540,53
1555,ying yu,hua‐zhong yu,57581006200,A5028734301,53
722,yerin lee,monica lee,57203855079,A5057346446,53
778,gem y lee,monica lee,58055605100,A5057346446,53
1371,yuepeng wang,qi wang,57192109237,A5100341251,53
393,boah kim,woo soo kim,57787556200,A5000223592,53
678,pinyao liu,helen liu,57703884300,A5101610756,53
892,guanyu li,chunmei li,59390171200,A5100427221,53
893,chuyuan lin,feng lin,58148715300,A5101414835,53
163,xinzhi cao,jiguo cao,57214331129,A5062483690,53
941,qiu lin,feng lin,57856271800,A5101414835,53
602,jaeyong lee,daniel c lee,39762111800,A5100392989,52
1192,yadvinder singh,bp singh,57206181709,A5103582429,52
992,emily g lim,angelica lim,59114291700,A5054803584,52
1481,yufei wang,jiacheng wang,57222498131,A5100727957,52
528,chelsey lee,daniel c lee,57207257893,A5100392989,52
234,shaohuang chen,yuxi chen,57226542790,A5100764265,52
1231,meehae song,xiaowei song,7401474605,A5036261443,52
1392,haixu wang,jiacheng wang,56590132700,A5100727957,52
1005,jessica lee,daniel c lee,58701988800,A5100392989,52
609,guiliang liu,yan‐jun liu,57204467338,A5100349652,52
849,min-hye lee,daniel c lee,57225983721,A5100392989,52
848,min-hye lee,ki‐young lee,57225983721,A5100719654,52
470,jiangchuan chuan liu,yan‐jun liu,8969748600,A5100349652,52
1509,ruiqi wang,jiacheng wang,57792895600,A5100727957,52
463,elizabeth a krebs,dennis l krebs,7101809423,A5034589539,52
1271,harsimran singh,bp singh,59114739500,A5103582429,52
1255,sonia singh,ravi chand singh,56268594600,A5047641614,52
435,pyojin kim,jeong‐bon kim,59563842600,A5019704910,52
635,jiangchuan liu,helen liu,59061428700,A5101610756,52
811,wonchul lee,daniel c lee,57264775600,A5100392989,52
810,wonchul lee,ki‐young lee,57264775600,A5100719654,52
1079,amber moore,jonathan w moore,57194524836,A5070014514,52
140,rebecca d cox,kieran cox,30467559600,A5031419507,52
829,vivian py lee,monica lee,58323846600,A5057346446,52
485,paul chi hang li,ming li,55638723000,A5100351426,52
857,grayson lee,daniel c lee,59137357900,A5100392989,52
902,keon ju lee,daniel c lee,59249485500,A5100392989,52
807,hanhung lee,daniel c lee,57473697300,A5100392989,52
371,jeong bon kim,tae‐ho kim,8304603800,A5100452164,52
374,tae ho kim,jeong‐bon kim,56168759700,A5019704910,52
1095,janet lynn s moore,margo m moore,56246268300,A5016934414,52
407,hae-yoon kim,woo soo kim,56491905000,A5000223592,52
535,dennis y liu,yan‐jun liu,57203150185,A5100349652,52
554,chunhong liu,yan‐jun liu,57218798436,A5100349652,52
345,john dewey jones,steven jm jones,55636318231,A5100728059,52
1141,andrew park,youn‐il park,57205668255,A5072961887,52
346,paul w jones,steven jm jones,57217388489,A5100728059,52
145,kennedy s chen,yuxi chen,57215129380,A5100764265,52
190,spencer x chen,yuxi chen,58183177400,A5100764265,52
66,victoria brown,matthew brown,57196052427,A5041724055,52
719,jong-in lee,daniel c lee,58376421300,A5100392989,52
727,dongmeng liu,yan‐jun liu,57202874971,A5100349652,52
1245,yexuan song,xiaowei song,57222062145,A5036261443,52
772,janghyeon lee,monica lee,58374461300,A5057346446,52
1209,justin song,xiaowei song,55568333600,A5036261443,52
1578,lingling zhang,hao zhang,56503285300,A5100397026,52
1576,pengpeng zhang,hao zhang,57214091117,A5100397026,52
4,diana m allen,george e allen,55808760900,A5006221782,52
158,manuela cruz,margarito martínez cruz,57409818900,A5018665681,51
11,mohammad hsharifzadeh amin,m h s amin,57209051505,A5112270021,50
284,jiuen feng,changyong feng,59152182400,A5089845667,50
285,cai mitsu feng,changyong feng,57723250300,A5089845667,50
1206,charles scott,william a scott,56898175500,A5001064251,50
360,woo soo kim,jeong‐bon kim,17136903100,A5019704910,50
358,laura b jones,steven jm jones,58329027300,A5100728059,50
279,mitsu cai feng,changyong feng,57218800926,A5089845667,50
1028,sanghoon lee,ki‐young lee,57212311772,A5100719654,50
1024,ke li,ming li,57199453570,A5100351426,50
135,jiacheng chen,mo chen,57203151209,A5100387244,50
1090,cydney ma,hang ma,57216502767,A5024389928,50
1257,david sun,xiangyu sun,57225935027,A5060002954,50
428,kyeong-min kim,tae‐ho kim,57200325379,A5100452164,50
415,woochul kim,jeong‐bon kim,58658203400,A5019704910,50
1537,z yu,hua‐zhong yu,58749078900,A5028734301,50
436,pyojin kim,tae‐ho kim,59563842600,A5100452164,50
433,jonghyeok kim,woo soo kim,58727504600,A5000223592,50
447,tommy kim,woo soo kim,58186749800,A5000223592,50
1516,yuelang xu,min xu,59446862500,A5100413849,50
493,daniel chonghwan lee,ki‐young lee,57219039850,A5100719654,50
1493,g gary wang,jiacheng wang,55599185800,A5100727957,50
511,b l liu,jiayi liu,58372717600,A5100370772,50
532,zenghui liu,jiayi liu,56599407500,A5100370772,50
529,zenghui liu,b liu,56599407500,A5114378471,50
521,chunmei li,jia li,55696026700,A5100405681,50
991,ken liu,jiayi liu,57364393000,A5100370772,50
1018,lun li,jia li,57211233276,A5100405681,50
1277,harman jit singh,bp singh,57210800828,A5103582429,50
1269,jun song,xiaowei song,59277537500,A5036261443,50
1037,paul ch li,chunmei li,59806039000,A5100427221,50
1034,paul ch li,jia li,59806039000,A5100405681,50
1485,karen lok yi wong,jennifer s wong,56621809700,A5018101953,50
550,belinda li,chunmei li,57215578322,A5100427221,50
544,zhida li,cheng li,57190841490,A5100354297,50
561,gaoyang liu,helen liu,57203062038,A5101610756,50
560,gaoyang liu,b liu,57203062038,A5114378471,50
1472,robert wang,jiacheng wang,57987067400,A5100727957,50
1465,peiwei wang,jiacheng wang,57215193390,A5100727957,50
1029,sanghoon lee,daniel c lee,57212311772,A5100392989,50
926,connie kw liu,yan‐jun liu,59618465500,A5100349652,50
971,helena lin,qi lin,59659333500,A5102608112,50
576,shuxing li,jia li,55315987100,A5100405681,50
967,d liu,yan‐jun liu,59617524800,A5100349652,50
567,yungshan lee,daniel c lee,54882053400,A5100392989,50
597,wenzao li,ming li,56089546300,A5100351426,50
613,tawei liu,yan‐jun liu,56555456900,A5100349652,50
572,binglin li,jia li,57205368212,A5100405681,50
629,jiarui li,ming li,59785163100,A5100351426,50
626,kun liu,jiayi liu,57217039511,A5100370772,50
618,xin li,chunmei li,57189987947,A5100427221,50
639,angelica (min hye) lee,monica lee,57215776540,A5057346446,50
633,em g lim,angelica lim,57831947600,A5054803584,50
663,xiaorui li,chunmei li,56306779600,A5100427221,50
674,shanna my li,cheng li,57221738372,A5100354297,50
631,lisa lin,feng lin,56537319300,A5101414835,50
917,shuqi liu,yan‐jun liu,58057756500,A5100349652,50
914,mark lee,daniel c lee,57219825843,A5100392989,50
913,mark lee,ki‐young lee,57219825843,A5100719654,50
933,suemin lee,kelley lee,57222084312,A5019363540,50
692,haijuan li,chunmei li,57218401984,A5100427221,50
689,haijuan li,jia li,57218401984,A5100405681,50
687,anjian li,ming li,57218566585,A5100351426,50
710,xiaoxue liu,helen liu,57204556952,A5101610756,50
709,xiaoxue liu,b liu,57204556952,A5114378471,50
708,zheyuan li,chunmei li,57224822134,A5100427221,50
705,zheyuan li,jia li,57224822134,A5100405681,50
702,manyi li,cheng li,57192068082,A5100354297,50
699,jiayi liu,yan‐jun liu,58550253900,A5100349652,50
729,lily lin,feng lin,49863888400,A5101414835,50
759,xiulong liu,jiayi liu,55981047600,A5100370772,50
665,linyi li,cheng li,57211756552,A5100354297,50
756,xiulong liu,b liu,55981047600,A5114378471,50
748,kenneth liu,b liu,57974743200,A5114378471,50
891,guanyu li,ming li,59390171200,A5100351426,50
1388,simon ji hau wang,qi wang,36496079000,A5100341251,50
875,jane sy li,chunmei li,58668755300,A5100427221,50
1304,poppy sun,xiangyu sun,59592721600,A5060002954,50
898,stephen chengxi li,chunmei li,59545707900,A5100427221,50
880,justin long,nguyễn quang long,58292542600,A5018451341,50
1378,beidou wang,jiacheng wang,55775560600,A5100727957,50
783,jonathan lee,ki‐young lee,55147369200,A5100719654,50
784,jonathan lee,daniel c lee,55147369200,A5100392989,50
797,brian li,cheng li,57203169041,A5100354297,50
794,xiaosu li,ming li,57225920605,A5100351426,50
821,xinru li,cheng li,57218939828,A5100354297,50
819,richard li,chunmei li,57888134600,A5100427221,50
812,carlos lee,kelley lee,57220892325,A5019363540,50
827,jessica li,chunmei li,57197841332,A5100427221,50
851,bingfan liu,helen liu,59487044600,A5101610756,50
845,fengke lin,qi lin,57212311896,A5102608112,50
842,eric lee,ki‐young lee,59710754100,A5100719654,50
278,alex cy fang,mei lan fang,57200672982,A5008149652,50
301,samantha m gray,bonnie l gray,57200762040,A5110354105,50
184,winfield chen,mo chen,57221318908,A5100387244,50
319,stephen d hart,michael w hart,7202601274,A5053201473,50
188,han cao,jiguo cao,57216440698,A5062483690,50
187,zhefan chen,yuxi chen,57222654013,A5100764265,50
23,shahrazad amin,m h s amin,58793840600,A5112270021,50
1146,seong-hyeon park,youn‐il park,57203850725,A5072961887,50
93,nansheng chen,mo chen,55573104300,A5100387244,50
1247,richard k smith,jason r smith,7410290815,A5061800498,50
1240,william a scott,charles scott,57651636000,A5039664215,50
1234,danyang song,xiaowei song,57205425730,A5036261443,50
1375,christopher david webster,john webster,7201838752,A5112228279,49
1246,brigitta r sun,xiangyu sun,57221981307,A5060002954,48
1162,reza moradi rad,ab rad,57196880245,A5087944994,48
354,yuhua jin,dal yong jin,58818072100,A5041172302,48
336,kirk a hart,stephen d hart,57192158322,A5055395163,48
189,spencer x chen,mo chen,58183177400,A5100387244,48
1556,monica ye,zuo‐guang ye,57204597588,A5029972713,48
179,changan chen,yuxi chen,57219740329,A5100764265,48
21,willow samara allen,george e allen,57210116155,A5006221782,48
854,grayson lee,kelley lee,59137357900,A5019363540,48
144,kennedy s chen,mo chen,57215129380,A5100387244,48
805,hanhung lee,monica lee,57473697300,A5057346446,48
846,min-hye lee,kelley lee,57225983721,A5019363540,48
808,wonchul lee,kelley lee,57264775600,A5019363540,48
779,gem y lee,ki‐young lee,58055605100,A5100719654,48
830,vivian py lee,ki‐young lee,58323846600,A5100719654,48
869,haggai liu,yan‐jun liu,57305249200,A5100349652,48
1150,minjeong park,youn‐il park,57204546906,A5072961887,48
866,robyn lee,daniel c lee,58951232600,A5100392989,48
903,hyunwoo lee,kelley lee,55751730700,A5019363540,48
937,amy huey yi lee,kelley lee,59661104900,A5019363540,48
651,hsufeng lee,monica lee,55924615100,A5057346446,48
724,yerin lee,daniel c lee,57203855079,A5100392989,48
696,chaochun liu,jiayi liu,57203659208,A5100370772,48
904,hyunwoo lee,monica lee,55751730700,A5057346446,48
1308,zheng john shen,kelly shen,57788453900,A5006850713,48
773,janghyeon lee,ki‐young lee,58374461300,A5100719654,48
650,hsufeng lee,kelley lee,55924615100,A5019363540,48
465,bingxuan liu,helen liu,58603818900,A5101610756,48
389,dongwoo kim,tae‐ho kim,57205207510,A5100452164,48
343,weina jin,dal yong jin,57188873086,A5041172302,48
361,woo soo kim,tae‐ho kim,17136903100,A5100452164,48
1230,jiabin shen,kelly shen,57210415426,A5006850713,48
1232,jeungeun song,xiaowei song,57189515572,A5036261443,48
1093,ruth elwood martin,jack martin,20734292200,A5061285579,48
1539,connie yu,hua‐zhong yu,57208742908,A5028734301,48
382,lawrence h kim,woo soo kim,56742755100,A5000223592,48
471,jiangchuan chuan liu,jiayi liu,8969748600,A5100370772,48
450,freddie kim,tae‐ho kim,59458558600,A5100452164,48
437,pyojin kim,woo soo kim,59563842600,A5000223592,48
416,woochul kim,tae‐ho kim,58658203400,A5100452164,48
395,suyoung kim,tae‐ho kim,57211871654,A5100452164,48
280,jiahui feng,changyong feng,58311653000,A5089845667,48
1212,junwei sun,xiangyu sun,57191975948,A5060002954,48
218,hongwen chen,yuxi chen,58666893100,A5100764265,48
526,chelsey lee,monica lee,57207257893,A5057346446,48
1500,z m wang,jiacheng wang,55719869100,A5100727957,48
1002,jessica lee,kelley lee,58701988800,A5019363540,48
959,weihua liu,yan‐jun liu,57222253228,A5100349652,48
1290,z john shen,kelly shen,58290657600,A5006850713,48
587,alison yueh li,ming li,56039303800,A5100351426,48
620,arita li liu,helen liu,57200987873,A5101610756,48
986,ze liu,yan‐jun liu,59535375500,A5100349652,47
961,keon ju maverick lee,kelley lee,59558996300,A5019363540,47
952,feng liu,jiayi liu,57192301448,A5100370772,47
1017,jing li,chunmei li,57216939987,A5100427221,47
998,jan lee,kelley lee,57252778500,A5019363540,47
523,chunmei li,ming li,55696026700,A5100351426,47
533,dennis y liu,b liu,57203150185,A5114378471,47
552,chunhong liu,b liu,57218798436,A5114378471,47
1250,jaspreet singh,ravi chand singh,57209207252,A5047641614,47
71,christine a bishop,elizabeth bishop,7202946338,A5111051453,47
826,jessica li,ming li,57197841332,A5100351426,47
874,jane sy li,ming li,58668755300,A5100351426,47
818,richard li,ming li,57888134600,A5100351426,47
686,anjian li,cheng li,57218566585,A5100354297,47
739,luyao lin,feng lin,57194191419,A5101414835,47
894,chuyuan lin,qi lin,58148715300,A5102608112,47
890,guanyu li,cheng li,59390171200,A5100354297,47
860,zixuan li,cheng li,57225184392,A5100354297,47
725,dongmeng liu,b liu,57202874971,A5114378471,47
920,jiyuan li,cheng li,57226157890,A5100354297,47
707,zheyuan li,ming li,57224822134,A5100351426,47
1440,william wl wong,jennifer s wong,56842018200,A5018101953,47
693,chaochun liu,b liu,57203659208,A5114378471,47
288,cai (mitsu) feng,changyong feng,59173501800,A5089845667,47
662,xiaorui li,ming li,56306779600,A5100351426,47
619,arita li liu,b liu,57200987873,A5114378471,47
607,guiliang liu,b liu,57204467338,A5114378471,47
975,jian li,chunmei li,58436524800,A5100427221,47
199,howard anthony chan,jennifer a chan,7403402211,A5067228740,47
1450,rachel wong,jennifer s wong,57214449349,A5018101953,46
1032,sabrina sm lee,ki‐young lee,27169595700,A5100719654,46
1085,rui ma,hang ma,56317141300,A5024389928,46
1274,jesse scott,william a scott,55790236900,A5001064251,46
486,paul chi hang li,chunmei li,55638723000,A5100427221,46
672,rebekah hy lee,daniel c lee,57221940572,A5100392989,46
671,rebekah hy lee,ki‐young lee,57221940572,A5100719654,46
1427,sandra wong,jennifer s wong,57190034594,A5018101953,46
1159,ahamad besharati rad,ab rad,7005277683,A5087944994,46
681,heng li,jia li,57419438300,A5100405681,46
1381,kahung wong,jennifer s wong,56294067200,A5018101953,46
22,willow samara allen,ryan w allen,57210116155,A5039444427,45
94,nansheng chen,yuxi chen,55573104300,A5100764265,45
928,chae rim lee,kelley lee,57219309476,A5019363540,45
936,suemin lee,daniel c lee,57222084312,A5100392989,45
814,carlos lee,ki‐young lee,57220892325,A5100719654,45
838,nelson lee,ki‐young lee,57974923900,A5100719654,45
815,carlos lee,daniel c lee,57220892325,A5100392989,45
1115,zining mao,z morley mao,59462097200,A5003217329,45
1532,fenggen yu,hua‐zhong yu,57195302065,A5028734301,45
581,frank js lee,kelley lee,23484073300,A5019363540,45
461,min-suk kim,woo soo kim,58770590200,A5000223592,45
564,yungshan lee,kelley lee,54882053400,A5019363540,45
377,taeil kim,jeong‐bon kim,57205700445,A5019704910,45
1091,yuzhen mao,z morley mao,58034742000,A5003217329,45
1531,stephen yu,hua‐zhong yu,57189311081,A5028734301,45
445,tommy kim,jeong‐bon kim,58186749800,A5019704910,45
888,zhen lisa li,chunmei li,59197740200,A5100427221,45
603,jeonghun lee,kelley lee,57206734156,A5019363540,45
925,connie kw liu,helen liu,59618465500,A5101610756,45
582,frank js lee,monica lee,23484073300,A5057346446,45
927,connie kw liu,jiayi liu,59618465500,A5100370772,45
720,david long,nguyễn quang long,57236120200,A5018451341,44
673,shanna my li,jia li,57221738372,A5100405681,44
939,amy huey yi lee,ki‐young lee,59661104900,A5100719654,44
873,jane sy li,cheng li,58668755300,A5100354297,44
799,brian li,chunmei li,57203169041,A5100427221,44
823,xinru li,chunmei li,57218939828,A5100427221,44
638,angelica (min hye) lee,kelley lee,57215776540,A5019363540,44
507,henry wj lin,qi lin,56159860200,A5102608112,44
948,baiyu li,chunmei li,58262011500,A5100427221,44
380,lawrence h kim,jeong‐bon kim,56742755100,A5019704910,44
510,b l liu,yan‐jun liu,58372717600,A5100349652,44
490,angel my lin,qi lin,56444693800,A5102608112,44
768,qiushi lin,feng lin,58481182500,A5101414835,44
1400,shaun p wong,jennifer s wong,56991869300,A5018101953,44
698,jiayi liu,helen liu,58550253900,A5101610756,44
761,linda c li,cheng li,7501443732,A5100354297,44
146,anthony chan,jennifer a chan,56250973100,A5067228740,44
825,jessica li,cheng li,57197841332,A5100354297,44
1114,benjamin ma,hang ma,58746024100,A5024389928,44
924,connie kw liu,b liu,59618465500,A5114378471,44
499,amy huei yi lee,daniel c lee,55477263200,A5100392989,44
498,amy huei yi lee,ki‐young lee,55477263200,A5100719654,44
964,keon ju maverick lee,daniel c lee,59558996300,A5100392989,44
940,amy huey yi lee,daniel c lee,59661104900,A5100392989,44
963,keon ju maverick lee,ki‐young lee,59558996300,A5100719654,44
1217,prophecy sun,xiangyu sun,57190403711,A5060002954,43
517,careesa chang liu,yan‐jun liu,42661778400,A5100349652,43
541,melanie lee,ki‐young lee,57191731525,A5100719654,43
387,taeyoung kim,woo soo kim,57198491843,A5000223592,43
1087,xiangbo mao,z morley mao,55925749200,A5003217329,43
432,jonghyeok kim,tae‐ho kim,58727504600,A5100452164,43
478,cheng li,jia li,57208500706,A5100405681,43
621,arita li liu,yan‐jun liu,57200987873,A5100349652,43
977,amy wiebe lau,kelvin lau,57828380800,A5064093289,43
527,chelsey lee,ki‐young lee,57207257893,A5100719654,43
771,janghyeon lee,kelley lee,58374461300,A5019363540,43
668,wing yin venus lau,kelvin lau,57216796359,A5064093289,43
653,hsufeng lee,daniel c lee,55924615100,A5100392989,43
1096,like ma,hang ma,57211801554,A5024389928,43
856,grayson lee,ki‐young lee,59137357900,A5100719654,43
333,hannah m hall,peter hall,57755790100,A5018086501,43
828,vivian py lee,kelley lee,58323846600,A5019363540,43
906,hyunwoo lee,daniel c lee,55751730700,A5100392989,43
713,zhi yih lim,angelica lim,57215605423,A5054803584,43
1004,jessica lee,ki‐young lee,58701988800,A5100719654,43
418,chaeri kim,jeong‐bon kim,59103083900,A5019704910,43
444,jeongmee kim,woo soo kim,57218457561,A5000223592,43
348,richard jones,steven jm jones,57217100215,A5100728059,43
1089,yongsen mao,z morley mao,57567008600,A5003217329,43
459,min-suk kim,jeong‐bon kim,58770590200,A5019704910,42
449,freddie kim,jeong‐bon kim,59458558600,A5019704910,42
401,kijin kim,tae‐ho kim,57223212678,A5100452164,42
559,tingan li,chunmei li,57210262931,A5100427221,42
583,frank js lee,ki‐young lee,23484073300,A5100719654,42
606,jeonghun lee,daniel c lee,57206734156,A5100392989,42
598,wenzao li,chunmei li,56089546300,A5100427221,42
456,jeehye christine kim,jeong‐bon kim,56671161000,A5019704910,42
1031,sabrina sm lee,monica lee,27169595700,A5057346446,42
670,rebekah hy lee,monica lee,57221940572,A5057346446,42
795,xiaosu li,chunmei li,57225920605,A5100427221,42
922,jiyuan li,chunmei li,57226157890,A5100427221,42
930,chae rim lee,ki‐young lee,57219309476,A5100719654,42
931,chae rim lee,daniel c lee,57219309476,A5100392989,42
675,shanna my li,ming li,57221738372,A5100351426,42
634,jiangchuan liu,b liu,59061428700,A5114378471,42
887,zhen lisa li,ming li,59197740200,A5100351426,42
862,zixuan li,chunmei li,57225184392,A5100427221,42
440,anny kim,woo soo kim,58090502900,A5000223592,42
344,steven w jin,dal yong jin,57192099460,A5041172302,42
746,michael pin chuan lin,feng lin,57200993050,A5101414835,41
469,jiangchuan chuan liu,helen liu,8969748600,A5101610756,41
399,barun kim,woo soo kim,57203171282,A5000223592,40
474,kelley lee,monica lee,55540777300,A5057346446,40
379,taeil kim,woo soo kim,57205700445,A5000223592,40
402,kijin kim,woo soo kim,57223212678,A5000223592,40
1544,rachelle a yu,hua‐zhong yu,57224816504,A5028734301,40
1549,cindy yu,hua‐zhong yu,58917527200,A5028734301,40
585,alison yueh li,jia li,56039303800,A5100405681,40
496,amy huei yi lee,kelley lee,55477263200,A5019363540,40
897,stephen chengxi li,ming li,59545707900,A5100351426,40
751,kenneth liu,jiayi liu,57974743200,A5100370772,40
735,martin lee,kelley lee,55716885000,A5019363540,40
649,jiaxing li,chunmei li,58555571700,A5100427221,40
767,qingcan li,chunmei li,57205694562,A5100427221,40
1130,edward j park,youn‐il park,7402224891,A5072961887,40
788,xiaohan li,chunmei li,59248899100,A5100427221,40
763,linda c li,chunmei li,7501443732,A5100427221,40
643,kelsey lee,monica lee,58669083900,A5057346446,40
938,amy huey yi lee,monica lee,59661104900,A5057346446,40
429,kyeong-min kim,woo soo kim,57200325379,A5000223592,40
457,jeehye christine kim,tae‐ho kim,56671161000,A5100452164,40
575,binglin li,chunmei li,57205368212,A5100427221,40
1535,kevin ye,zuo‐guang ye,57204811060,A5029972713,40
491,daniel chonghwan lee,kelley lee,57219039850,A5019363540,40
497,amy huei yi lee,monica lee,55477263200,A5057346446,40
994,monica lee,kelley lee,57412158000,A5019363540,40
514,zoe long,nguyễn quang long,57204725472,A5018451341,40
458,jeehye christine kim,woo soo kim,56671161000,A5000223592,39
716,jong-in lee,kelley lee,58376421300,A5019363540,38
1107,rickie ma,hang ma,59458889300,A5024389928,38
804,hanhung lee,kelley lee,57473697300,A5019363540,38
728,dongmeng liu,jiayi liu,57202874971,A5100370772,38
946,baiyu li,cheng li,58262011500,A5100354297,38
555,chunhong liu,jiayi liu,57218798436,A5100370772,38
460,min-suk kim,tae‐ho kim,58770590200,A5100452164,38
420,chaeri kim,woo soo kim,59103083900,A5000223592,38
518,careesa chang liu,jiayi liu,42661778400,A5100370772,38
882,jiangchuan jc liu,helen liu,59732151800,A5101610756,38
747,michael pin chuan lin,qi lin,57200993050,A5102608112,37
515,careesa chang liu,b liu,42661778400,A5114378471,36
1026,sanghoon lee,kelley lee,57212311772,A5019363540,36
858,viseth long,nguyễn quang long,57221190175,A5018451341,36
881,jiangchuan jc liu,b liu,59732151800,A5114378471,36
781,jonathan lee,kelley lee,55147369200,A5019363540,36
451,freddie kim,woo soo kim,59458558600,A5000223592,36
483,paul chi hang li,jia li,55638723000,A5100405681,36
586,alison yueh li,cheng li,56039303800,A5100354297,36
640,angelica (min hye) lee,ki‐young lee,57215776540,A5100719654,35
793,xiaosu li,cheng li,57225920605,A5100354297,35
1541,niannian yu,hua‐zhong yu,55754321600,A5028734301,35
1036,paul ch li,ming li,59806039000,A5100351426,35
628,jiarui li,cheng li,59785163100,A5100354297,35
895,stephen chengxi li,jia li,59545707900,A5100405681,33
661,xiaorui li,cheng li,56306779600,A5100354297,33
588,alison yueh li,chunmei li,56039303800,A5100427221,33
1006,chenzheng li,jia li,59152165700,A5100405681,33
1030,sabrina sm lee,kelley lee,27169595700,A5019363540,33
1538,eric ye,zuo‐guang ye,34871175500,A5029972713,32
1534,timothy tl yu,hua‐zhong yu,57218895653,A5028734301,32
468,jiangchuan chuan liu,b liu,8969748600,A5114378471,32
1551,kewei yu,hua‐zhong yu,58657251100,A5028734301,30
