Name,Scholarly Output,Most recent publication,Citations,Citations per Publication,Field-Weighted Citation Impact,h-index,Scopus author ID,Scopus author profile,Primary author affiliation*,last_name,last_init,first_names,name_raw,potential_matches,fi_ln
"Mori, D.",665,2025,39801,59.9,3.67,95,56779709600,https://www.scopus.com/authid/detail.url?authorId=56779709600,Simon Fraser University,mori,m,d,d mori,[],d mori
"van Nieuwkoop, J.",559,2023,42827,76.6,4.57,108,55573054900,https://www.scopus.com/authid/detail.url?authorId=55573054900,Simon Fraser University,van nieuwkoop,v,j,j van nieuwkoop,[],j van nieuwkoop
"Horton, Arthur J.",494,2023,35783,72.4,4.23,95,36898362900,https://www.scopus.com/authid/detail.url?authorId=36898362900,Simon Fraser University,horton,h,arthur j,arthur j horton,[],a horton
"Bahrasemani, H.",466,2025,26153,56.1,3.44,86,57194525595,https://www.scopus.com/authid/detail.url?authorId=57194525595,Simon Fraser University,bahrasemani,b,h,h bahrasemani,[],h bahrasemani
"Danninger, Matthias",424,2025,8812,20.8,2.44,110,26221746900,https://www.scopus.com/authid/detail.url?authorId=26221746900,Simon Fraser University,danninger,d,matthias,matthias danninger,[],m danninger
"Jaeger, B. P.",423,2025,12685,30.0,2.85,55,57210340534,https://www.scopus.com/authid/detail.url?authorId=57210340534,Simon Fraser University,jaeger,j,b p,b p jaeger,[],b jaeger
"Lehmann, Konstantin",405,2025,17373,42.9,3.24,70,57203301415,https://www.scopus.com/authid/detail.url?authorId=57203301415,Simon Fraser University,lehmann,l,konstantin,konstantin lehmann,[],k lehmann
"Drechsler, E.",359,2025,14113,39.3,3.18,99,56611843700,https://www.scopus.com/authid/detail.url?authorId=56611843700,Simon Fraser University,drechsler,d,e,e drechsler,[],e drechsler
"Dreyer, Etienne",359,2025,18835,52.5,3.32,75,57189975589,https://www.scopus.com/authid/detail.url?authorId=57189975589,Weizmann Institute of Science,dreyer,d,etienne,etienne dreyer,[],e dreyer
"Montalbano, Alyssa",355,2025,18184,51.2,3.28,94,56397908300,https://www.scopus.com/authid/detail.url?authorId=56397908300,Simon Fraser University,montalbano,m,alyssa,alyssa montalbano,[],a montalbano
"Temple, D.",313,2023,21763,69.5,4.01,80,56893265300,https://www.scopus.com/authid/detail.url?authorId=56893265300,Simon Fraser University,temple,t,d,d temple,[],d temple
"Burzynski, Jackson Carl",274,2025,3325,12.1,2.17,55,57210335824,https://www.scopus.com/authid/detail.url?authorId=57210335824,Simon Fraser University,burzynski,b,jackson carl,jackson carl burzynski,[],j burzynski
"Singh, Shuvay",265,2025,8423,31.8,2.98,48,59156749500,https://www.scopus.com/authid/detail.url?authorId=59156749500,Brandeis University,singh,s,shuvay,shuvay singh,[],s singh
"Andreoiu, Corina A.",157,2025,1764,11.2,0.69,32,7003934114,https://www.scopus.com/authid/detail.url?authorId=7003934114,Simon Fraser University,andreoiu,a,corina a,corina a andreoiu,[],c andreoiu
"Clague, John Joseph",150,2025,4919,32.8,2.61,57,7102359243,https://www.scopus.com/authid/detail.url?authorId=7102359243,Simon Fraser University,clague,c,john joseph,john joseph clague,[],j clague
"Sarunic, Marinko V.",127,2024,3024,23.8,1.44,43,6508176087,https://www.scopus.com/authid/detail.url?authorId=6508176087,University College London,sarunic,s,marinko v,marinko v sarunic,[],m sarunic
"Antle, Alissa Nicole",103,2025,1284,12.5,1.19,32,15060073500,https://www.scopus.com/authid/detail.url?authorId=15060073500,Simon Fraser University,antle,a,alissa nicole,alissa nicole antle,[],a antle
"Sheppard, D. J.",93,2025,245,2.6,1.23,7,58638292100,https://www.scopus.com/authid/detail.url?authorId=58638292100,Simon Fraser University,sheppard,s,d j,d j sheppard,[],d sheppard
"Chaudhury, Habib Sadat",83,2025,1981,23.9,2.12,33,9039040400,https://www.scopus.com/authid/detail.url?authorId=9039040400,Simon Fraser University,chaudhury,c,habib sadat,habib sadat chaudhury,[],h chaudhury
"Wister, Andrew Victor",82,2025,1729,21.1,1.55,30,6701495089,https://www.scopus.com/authid/detail.url?authorId=6701495089,Simon Fraser University,wister,w,andrew victor,andrew victor wister,[],a wister
"Card, Kiffer George",78,2025,778,10.0,1.09,20,57188649371,https://www.scopus.com/authid/detail.url?authorId=57188649371,Simon Fraser University,card,c,kiffer george,kiffer george card,[],k card
"Claydon, Victoria Elizabeth",73,2025,1210,16.6,0.92,30,6506256529,https://www.scopus.com/authid/detail.url?authorId=6506256529,Simon Fraser University,claydon,c,victoria elizabeth,victoria elizabeth claydon,[],v claydon
"Mooers, Arne Ï¿½",70,2024,3016,43.1,2.16,44,6603693513,https://www.scopus.com/authid/detail.url?authorId=6603693513,Simon Fraser University,mooers,m,arne ï¿½,arne ï¿½ mooers,[],a mooers
"Blaber, Andrew Philip",66,2025,1071,16.2,0.85,29,6602119159,https://www.scopus.com/authid/detail.url?authorId=6602119159,Simon Fraser University,blaber,b,andrew philip,andrew philip blaber,[],a blaber
"Starosta, Krzysztof",58,2025,627,10.8,0.62,34,7004073992,https://www.scopus.com/authid/detail.url?authorId=7004073992,Simon Fraser University,starosta,s,krzysztof,krzysztof starosta,[],k starosta
"Eikerling, M. H.",57,2022,1544,27.1,0.95,49,6604046486,https://www.scopus.com/authid/detail.url?authorId=6604046486,Jülich Research Centre,eikerling,e,m h,m h eikerling,[],m eikerling
"Salomon, Anne Katherine",57,2025,2917,51.2,2.16,33,7005421580,https://www.scopus.com/authid/detail.url?authorId=7005421580,Simon Fraser University,salomon,s,anne katherine,anne katherine salomon,[],a salomon
"Allen, Diana M.",56,2024,1735,31.0,1.22,34,55808760900,https://www.scopus.com/authid/detail.url?authorId=55808760900,Simon Fraser University,allen,a,diana m,diana m allen,[],d allen
"Filimowicz, Michael A.",51,2024,45,0.9,0.19,4,36008420400,https://www.scopus.com/authid/detail.url?authorId=36008420400,Simon Fraser University,filimowicz,f,michael a,michael a filimowicz,[],m filimowicz
"Tibbits, Glen Findlay",48,2025,674,14.0,0.7,29,7004014332,https://www.scopus.com/authid/detail.url?authorId=7004014332,Unknown affiliation,tibbits,t,glen findlay,glen findlay tibbits,[],g tibbits
"Rajapakse, R. K.N.D.",47,2024,1118,23.8,1.25,40,57216149626,https://www.scopus.com/authid/detail.url?authorId=57216149626,Sri Lanka Institute of Information Technology,rajapakse,r,r knd,r knd rajapakse,[],r rajapakse
"Thewalt, Michael L.W.",45,2024,1060,23.6,1.73,35,7006609975,https://www.scopus.com/authid/detail.url?authorId=7006609975,Simon Fraser University,thewalt,t,michael lw,michael lw thewalt,[],m thewalt
"Gray, Bonnie Lynne",43,2025,305,7.1,0.71,22,7202782646,https://www.scopus.com/authid/detail.url?authorId=7202782646,Simon Fraser University,gray,g,bonnie lynne,bonnie lynne gray,[],b gray
"Sarrafi, Iman",43,2023,4011,93.3,5.26,24,36895181400,https://www.scopus.com/authid/detail.url?authorId=36895181400,Simon Fraser University,sarrafi,s,iman,iman sarrafi,[],i sarrafi
"Bubela, T. M.",43,2025,597,13.9,1.53,26,6508289453,https://www.scopus.com/authid/detail.url?authorId=6508289453,Simon Fraser University,bubela,b,t m,t m bubela,[],t bubela
"Kavanagh, Karen L.",41,2024,275,6.7,0.5,34,35433107700,https://www.scopus.com/authid/detail.url?authorId=35433107700,Simon Fraser University,kavanagh,k,karen l,karen l kavanagh,[],k kavanagh
"Kietzmann, Jan Henrik",40,2022,2705,67.6,3.94,39,24502711400,https://www.scopus.com/authid/detail.url?authorId=24502711400,University of Victoria BC,kietzmann,k,jan henrik,jan henrik kietzmann,[],j kietzmann
"Flowers, Gwenn Elizabeth",40,2025,888,22.2,1.13,30,7006875558,https://www.scopus.com/authid/detail.url?authorId=7006875558,Simon Fraser University,flowers,f,gwenn elizabeth,gwenn elizabeth flowers,[],g flowers
"Lee, Daniel Chonghwan",39,2025,323,8.3,0.59,16,57219039850,https://www.scopus.com/authid/detail.url?authorId=57219039850,Simon Fraser University,lee,l,daniel chonghwan,daniel chonghwan lee,[],d lee
"Gutman, G. M.",38,2025,341,9.0,0.67,20,34769660700,https://www.scopus.com/authid/detail.url?authorId=34769660700,Simon Fraser University,gutman,g,g m,g m gutman,[],g gutman
"Sahinalp, Suleyman Cenk",38,2023,1909,50.2,4.08,22,57221592020,https://www.scopus.com/authid/detail.url?authorId=57221592020,National Institutes of Health,sahinalp,s,suleyman cenk,suleyman cenk sahinalp,[],s sahinalp
"Haider, Wolfgang",36,2022,1164,32.3,1.12,35,7005836896,https://www.scopus.com/authid/detail.url?authorId=7005836896,Unknown affiliation,haider,h,wolfgang,wolfgang haider,[],w haider
"M. Webster, Glenys M.",36,2023,2614,72.6,2.71,33,55553738719,https://www.scopus.com/authid/detail.url?authorId=55553738719,Simon Fraser University,m webster,m,glenys m,glenys m m webster,[],g m webster
"Marlene Marie Moretti, Marlene M.",35,2025,556,15.9,1.61,28,7102632689,https://www.scopus.com/authid/detail.url?authorId=7102632689,Simon Fraser University,marlene marie moretti,m,marlene m,marlene m marlene marie moretti,[],m marlene marie moretti
"Garcia, Fatima H.",33,2025,282,8.5,0.54,10,57195902689,https://www.scopus.com/authid/detail.url?authorId=57195902689,Simon Fraser University,garcia,g,fatima h,fatima h garcia,[],f garcia
"Michael E. Hayden, Michael Edward",33,2025,1030,31.2,1.7,29,55641501800,https://www.scopus.com/authid/detail.url?authorId=55641501800,Simon Fraser University,michael e hayden,m,michael edward,michael edward michael e hayden,[],m michael e hayden
"Patterson, Michelle Louise",32,2023,908,28.4,1.26,25,54400319600,https://www.scopus.com/authid/detail.url?authorId=54400319600,Simon Fraser University,patterson,p,michelle louise,michelle louise patterson,[],m patterson
"Greer, Alissa Merielle",32,2024,426,13.3,2.16,18,55551111100,https://www.scopus.com/authid/detail.url?authorId=55551111100,Simon Fraser University,greer,g,alissa merielle,alissa merielle greer,[],a greer
"Pickup, Mark Alexander",32,2025,639,20.0,2.37,17,15757997300,https://www.scopus.com/authid/detail.url?authorId=15757997300,Simon Fraser University,pickup,p,mark alexander,mark alexander pickup,[],m pickup
"Hu, Joan Joan",31,2025,165,5.3,0.58,18,35229913300,https://www.scopus.com/authid/detail.url?authorId=35229913300,Simon Fraser University,hu,h,joan joan,joan joan hu,[],j hu
"Lavergne, Ruth Ruth",31,2023,382,12.3,0.99,16,36009747500,https://www.scopus.com/authid/detail.url?authorId=36009747500,Dalhousie University,lavergne,l,ruth ruth,ruth ruth lavergne,[],r lavergne
"Cenk Sahinalp, S. Cenk",31,2020,4698,151.5,5.82,57,6603800467,https://www.scopus.com/authid/detail.url?authorId=6603800467,Indiana University Bloomington,cenk sahinalp,c,s cenk,s cenk cenk sahinalp,[],s cenk sahinalp
"Gong, Wei",30,2020,911,30.4,1.97,32,57190345166,https://www.scopus.com/authid/detail.url?authorId=57190345166,University of Science and Technology of China,gong,g,wei,wei gong,[],w gong
"Peters, Cheryl Elizabeth",30,2022,593,19.8,1.22,20,57218594170,https://www.scopus.com/authid/detail.url?authorId=57218594170,Provincial Health Services Authority,peters,p,cheryl elizabeth,cheryl elizabeth peters,[],c peters
"Rad, Ahamad Besharati",30,2025,632,21.1,1.37,29,7005277683,https://www.scopus.com/authid/detail.url?authorId=7005277683,Simon Fraser University,rad,r,ahamad besharati,ahamad besharati rad,[],a rad
"Lysova, Aleksandra Vladimirovna",29,2025,300,10.3,1.42,12,24477831600,https://www.scopus.com/authid/detail.url?authorId=24477831600,Simon Fraser University,lysova,l,aleksandra vladimirovna,aleksandra vladimirovna lysova,[],a lysova
"Feenberg, Andrew Lewis",29,2024,245,8.4,1.31,22,6602538264,https://www.scopus.com/authid/detail.url?authorId=6602538264,Simon Fraser University,feenberg,f,andrew lewis,andrew lewis feenberg,[],a feenberg
"Kench, Paul Simon",28,2025,581,20.8,1.13,47,6701682399,https://www.scopus.com/authid/detail.url?authorId=6701682399,National University of Singapore,kench,k,paul simon,paul simon kench,[],p kench
"Chester, Aaron S.",28,2025,355,12.7,0.56,16,13609331900,https://www.scopus.com/authid/detail.url?authorId=13609331900,Simon Fraser University,chester,c,aaron s,aaron s chester,[],a chester
"Sonier, Jeff E.",28,2025,385,13.8,0.77,32,7003434141,https://www.scopus.com/authid/detail.url?authorId=7003434141,Simon Fraser University,sonier,s,jeff e,jeff e sonier,[],j sonier
"Ogilvie, John F.",28,2025,98,3.5,0.38,17,35843136500,https://www.scopus.com/authid/detail.url?authorId=35843136500,Simon Fraser University,ogilvie,o,john f,john f ogilvie,[],j ogilvie
"Niet, T.",27,2025,294,10.9,1.19,14,6505979790,https://www.scopus.com/authid/detail.url?authorId=6505979790,Simon Fraser University,niet,n,t,t niet,[],t niet
"Guttman, Julian Andrew",26,2024,164,6.3,0.41,27,7004426183,https://www.scopus.com/authid/detail.url?authorId=7004426183,Simon Fraser University,guttman,g,julian andrew,julian andrew guttman,[],j guttman
"Gavrielides, Theo",26,2021,146,5.6,1.82,11,24070323000,https://www.scopus.com/authid/detail.url?authorId=24070323000,Unknown affiliation,gavrielides,g,theo,theo gavrielides,[],t gavrielides
"Lord Ferguson, Sarah T.",25,2025,268,10.7,1.31,10,57200553348,https://www.scopus.com/authid/detail.url?authorId=57200553348,Simon Fraser University,lord ferguson,l,sarah t,sarah t lord ferguson,[],s lord ferguson
"Voss, Philip J.",25,2025,257,10.3,0.55,18,24077699300,https://www.scopus.com/authid/detail.url?authorId=24077699300,Simon Fraser University,voss,v,philip j,philip j voss,[],p voss
"Ilten, Nathan Owen",24,2025,106,4.4,0.97,9,25823742800,https://www.scopus.com/authid/detail.url?authorId=25823742800,Simon Fraser University,ilten,i,nathan owen,nathan owen ilten,[],n ilten
"Loken Thornton, Wendy",24,2023,343,14.3,0.86,15,22235481700,https://www.scopus.com/authid/detail.url?authorId=22235481700,Simon Fraser University,loken thornton,l,wendy,wendy loken thornton,[],w loken thornton
"Lu, Zhaosong",23,2020,939,40.8,2.43,26,9279946800,https://www.scopus.com/authid/detail.url?authorId=9279946800,University of Minnesota Twin Cities,lu,l,zhaosong,zhaosong lu,[],z lu
"Reynolds, Steven Campbell",23,2025,233,10.1,1.25,25,16444551200,https://www.scopus.com/authid/detail.url?authorId=16444551200,University of British Columbia,reynolds,r,steven campbell,steven campbell reynolds,[],s reynolds
"Amin, Mohammad H.Sharifzadeh",23,2025,2007,87.3,4.63,41,57209051505,https://www.scopus.com/authid/detail.url?authorId=57209051505,Simon Fraser University,amin,a,mohammad hsharifzadeh,mohammad hsharifzadeh amin,[],m amin
"Claydon, Thomas William",22,2024,362,16.5,0.69,20,12789638400,https://www.scopus.com/authid/detail.url?authorId=12789638400,Simon Fraser University,claydon,c,thomas william,thomas william claydon,[],t claydon
"Gupta, Kamal Kant",22,2024,155,7.0,0.65,22,35588009200,https://www.scopus.com/authid/detail.url?authorId=35588009200,Simon Fraser University,gupta,g,kamal kant,kamal kant gupta,[],k gupta
"Yalcin, Ozge Nilay",21,2024,267,12.7,0.83,9,57203034300,https://www.scopus.com/authid/detail.url?authorId=57203034300,Simon Fraser University,yalcin,y,ozge nilay,ozge nilay yalcin,[],o yalcin
"Chi-Liang Tsai, Cary Chi Liang",21,2023,166,7.9,0.52,13,25940583600,https://www.scopus.com/authid/detail.url?authorId=25940583600,Simon Fraser University,chi-liang tsai,c,cary chi liang,cary chi liang chi-liang tsai,[],c chi-liang tsai
"Eyawo, Oghenowede",21,2020,1222,58.2,2.59,24,25959550100,https://www.scopus.com/authid/detail.url?authorId=25959550100,York University Toronto,eyawo,e,oghenowede,oghenowede eyawo,[],o eyawo
"Di Lollo, Vincent",20,2024,163,8.2,0.58,26,7006727274,https://www.scopus.com/authid/detail.url?authorId=7006727274,Simon Fraser University,di lollo,d,vincent,vincent di lollo,[],v di lollo
"Poley, Luise",20,2025,57,2.9,0.75,7,56050424300,https://www.scopus.com/authid/detail.url?authorId=56050424300,Simon Fraser University,poley,p,luise,luise poley,[],l poley
"Ghosh-Hajra, Sujoy",20,2024,404,20.2,1.0,15,37047095400,https://www.scopus.com/authid/detail.url?authorId=37047095400,Florida Institute of Technology,ghosh-hajra,g,sujoy,sujoy ghosh-hajra,[],s ghosh-hajra
"Liu, B. L.",19,2025,498,26.2,2.39,70,58372717600,https://www.scopus.com/authid/detail.url?authorId=58372717600,Simon Fraser University,liu,l,b l,b l liu,[],b liu
"Blair, Mark Randall",19,2023,226,11.9,0.45,13,7102440319,https://www.scopus.com/authid/detail.url?authorId=7102440319,Simon Fraser University,blair,b,mark randall,mark randall blair,[],m blair
"Thompson, John R.",19,2022,371,19.5,0.92,13,55730132400,https://www.scopus.com/authid/detail.url?authorId=55730132400,Simon Fraser University,thompson,t,john r,john r thompson,[],j thompson
"Ahmadi, Mehran Seyed",19,2024,207,10.9,0.41,8,35324006800,https://www.scopus.com/authid/detail.url?authorId=35324006800,Simon Fraser University,ahmadi,a,mehran seyed,mehran seyed ahmadi,[],m ahmadi
"Snowber, Celeste Nazeli",19,2024,83,4.4,0.76,6,56059359600,https://www.scopus.com/authid/detail.url?authorId=56059359600,Simon Fraser University,snowber,s,celeste nazeli,celeste nazeli snowber,[],c snowber
"Joffres, Michel R.",19,2024,16212,853.3,46.05,48,7003791295,https://www.scopus.com/authid/detail.url?authorId=7003791295,Simon Fraser University,joffres,j,michel r,michel r joffres,[],m joffres
"Hausknecht, Simone Nicole",19,2023,313,16.5,0.98,11,55569873800,https://www.scopus.com/authid/detail.url?authorId=55569873800,Simon Fraser University,hausknecht,h,simone nicole,simone nicole hausknecht,[],s hausknecht
"Liu, Careesa Chang",19,2024,392,20.6,1.04,14,42661778400,https://www.scopus.com/authid/detail.url?authorId=42661778400,Florida Institute of Technology,liu,l,careesa chang,careesa chang liu,[],c liu
"Krallis, Dimitris",18,2025,8,0.4,0.17,5,35769438900,https://www.scopus.com/authid/detail.url?authorId=35769438900,Simon Fraser University,krallis,k,dimitris,dimitris krallis,[],d krallis
"Broun, David M.",18,2024,383,21.3,1.06,23,54790524900,https://www.scopus.com/authid/detail.url?authorId=54790524900,Simon Fraser University,broun,b,david m,david m broun,[],d broun
"Lassen, Jens",18,2024,76,4.2,0.3,27,23094920500,https://www.scopus.com/authid/detail.url?authorId=23094920500,University of Manitoba,lassen,l,jens,jens lassen,[],j lassen
"Poyntz, Stuart Robert",18,2025,83,4.6,1.96,8,14036320100,https://www.scopus.com/authid/detail.url?authorId=14036320100,Simon Fraser University,poyntz,p,stuart robert,stuart robert poyntz,[],s poyntz
"Lee-Hone, Nicholas R.",17,2024,428,25.2,1.44,13,36998669900,https://www.scopus.com/authid/detail.url?authorId=36998669900,McGill University,lee-hone,l,nicholas r,nicholas r lee-hone,[],n lee-hone
"Gary Wang, G.",16,2023,615,38.4,1.65,11,6507154481,https://www.scopus.com/authid/detail.url?authorId=6507154481,Simon Fraser University,gary wang,g,g,g gary wang,[],g gary wang
"Qi, Lin",16,2025,132,8.3,0.41,7,56673436500,https://www.scopus.com/authid/detail.url?authorId=56673436500,Simon Fraser University,qi,q,lin,lin qi,[],l qi
"Rahmani Dehaghani, Mostafa",16,2025,95,5.9,0.79,5,57980243500,https://www.scopus.com/authid/detail.url?authorId=57980243500,Simon Fraser University,rahmani dehaghani,r,mostafa,mostafa rahmani dehaghani,[],m rahmani dehaghani
"Amundsen, Cheryl Lynn",16,2023,377,23.6,1.55,16,6603928408,https://www.scopus.com/authid/detail.url?authorId=6603928408,Simon Fraser University,amundsen,a,cheryl lynn,cheryl lynn amundsen,[],c amundsen
"Ens, Jeff John",16,2025,68,4.3,1.09,6,57210203647,https://www.scopus.com/authid/detail.url?authorId=57210203647,Simon Fraser University,ens,e,jeff john,jeff john ens,[],j ens
"Kunz, Peter",16,2024,90,5.6,1.16,26,57196575920,https://www.scopus.com/authid/detail.url?authorId=57196575920,Simon Fraser University,kunz,k,peter,peter kunz,[],p kunz
"Miller, Cari L.",15,2020,348,23.2,1.01,29,57195053174,https://www.scopus.com/authid/detail.url?authorId=57195053174,Simon Fraser University,miller,m,cari l,cari l miller,[],c miller
"Gondara, Lovedeep Singh",15,2022,912,60.8,2.08,18,56162358000,https://www.scopus.com/authid/detail.url?authorId=56162358000,University of British Columbia,gondara,g,lovedeep singh,lovedeep singh gondara,[],l gondara
"ten Brummelhuis, Lieke L.",14,2025,653,46.6,2.53,24,24545011500,https://www.scopus.com/authid/detail.url?authorId=24545011500,Simon Fraser University,ten brummelhuis,t,lieke l,lieke l ten brummelhuis,[],l ten brummelhuis
"Barrera-Machuca, Mayra Donaji",14,2021,377,26.9,1.87,11,56452760200,https://www.scopus.com/authid/detail.url?authorId=56452760200,Dalhousie University,barrera-machuca,b,mayra donaji,mayra donaji barrera-machuca,[],m barrera-machuca
"de Rooij, Eline A.",14,2025,151,10.8,1.28,10,33367484900,https://www.scopus.com/authid/detail.url?authorId=33367484900,Simon Fraser University,de rooij,d,eline a,eline a de rooij,[],e de rooij
"Ma, Xiaoqiang",14,2021,505,36.1,1.69,27,36930770600,https://www.scopus.com/authid/detail.url?authorId=36930770600,Douglas College,ma,m,xiaoqiang,xiaoqiang ma,[],x ma
"Shiffman, David Samuel",14,2021,526,37.6,1.81,24,55295795700,https://www.scopus.com/authid/detail.url?authorId=55295795700,Unknown affiliation,shiffman,s,david samuel,david samuel shiffman,[],d shiffman
"Tzankova, Veronika K.",14,2022,31,2.2,0.43,4,57188744649,https://www.scopus.com/authid/detail.url?authorId=57188744649,Simon Fraser University,tzankova,t,veronika k,veronika k tzankova,[],v tzankova
"McWhinney, Edward C.",14,2024,17,1.2,0.27,3,55372675600,https://www.scopus.com/authid/detail.url?authorId=55372675600,Unknown affiliation,mcwhinney,m,edward c,edward c mcwhinney,[],e mcwhinney
"Lapides, Dana Ariel",14,2025,117,8.4,1.21,8,57215933143,https://www.scopus.com/authid/detail.url?authorId=57215933143,United States Department of Agriculture,lapides,l,dana ariel,dana ariel lapides,[],d lapides
"Kimbrough, Erik O.",14,2020,417,29.8,1.98,14,35484426400,https://www.scopus.com/authid/detail.url?authorId=35484426400,Chapman University,kimbrough,k,erik o,erik o kimbrough,[],e kimbrough
"Pang, Carolyn",13,2020,267,20.5,1.3,11,55735075900,https://www.scopus.com/authid/detail.url?authorId=55735075900,Oracle Corporation,pang,p,carolyn,carolyn pang,[],c pang
"van Santen, Jeffrey A.",13,2025,1552,119.4,9.39,13,56699718200,https://www.scopus.com/authid/detail.url?authorId=56699718200,Simon Fraser University,van santen,v,jeffrey a,jeffrey a van santen,[],j van santen
"Little, Jack I.",13,2024,4,0.3,0.38,7,7402508539,https://www.scopus.com/authid/detail.url?authorId=7402508539,Simon Fraser University,little,l,jack i,jack i little,[],j little
"Kanygin, Mikhail A.",13,2025,27,2.1,0.32,16,57211352034,https://www.scopus.com/authid/detail.url?authorId=57211352034,Simon Fraser University,kanygin,k,mikhail a,mikhail a kanygin,[],m kanygin
"Aksoy, Yagiz",13,2025,178,13.7,1.22,8,55420223500,https://www.scopus.com/authid/detail.url?authorId=55420223500,Swiss Federal Institute of Technology Zurich,aksoy,a,yagiz,yagiz aksoy,[],y aksoy
"Blake, Adam James",13,2024,122,9.4,0.6,7,35117501700,https://www.scopus.com/authid/detail.url?authorId=35117501700,University of Washington,blake,b,adam james,adam james blake,[],a blake
"Domingo, Thomas",13,2020,125,9.6,0.49,7,55783025200,https://www.scopus.com/authid/detail.url?authorId=55783025200,Simon Fraser University,domingo,d,thomas,thomas domingo,[],t domingo
"Custic, Ante",12,2024,90,7.5,0.72,7,56692881000,https://www.scopus.com/authid/detail.url?authorId=56692881000,Simon Fraser University,custic,c,ante,ante custic,[],a custic
"Freeman, David Juri",12,2024,83,6.9,0.42,5,56643995600,https://www.scopus.com/authid/detail.url?authorId=56643995600,Simon Fraser University,freeman,f,david juri,david juri freeman,[],d freeman
"Ranjbar Alvar, Saeed",12,2024,173,14.4,1.59,9,56368458900,https://www.scopus.com/authid/detail.url?authorId=56368458900,Unknown affiliation,ranjbar alvar,r,saeed,saeed ranjbar alvar,[],s ranjbar alvar
"Marín-Tello, Carmen Luisa",12,2024,20,1.7,0.13,13,57203105187,https://www.scopus.com/authid/detail.url?authorId=57203105187,Simon Fraser University,marín-tello,m,carmen luisa,carmen luisa marín-tello,[],c marín-tello
"Baghban Karimi, Ouldooz",12,2025,72,6.0,0.95,7,15061535900,https://www.scopus.com/authid/detail.url?authorId=15061535900,Simon Fraser University,baghban karimi,b,ouldooz,ouldooz baghban karimi,[],o baghban karimi
"Reilly, Katherine Margaret Anne",11,2025,75,6.8,0.54,4,57208432676,https://www.scopus.com/authid/detail.url?authorId=57208432676,Simon Fraser University,reilly,r,katherine margaret anne,katherine margaret anne reilly,[],k reilly
"Sierra-Hernandez, Carlos A.",11,2025,67,6.1,0.92,6,54941411000,https://www.scopus.com/authid/detail.url?authorId=54941411000,Simon Fraser University,sierra-hernandez,s,carlos a,carlos a sierra-hernandez,[],c sierra-hernandez
"Ben Yedder, Hanene",11,2025,225,20.5,2.32,7,57196223372,https://www.scopus.com/authid/detail.url?authorId=57196223372,Simon Fraser University,ben yedder,b,hanene,hanene ben yedder,[],h ben yedder
"Julian, Lisa Marie",11,2025,30,2.7,0.6,14,36811275600,https://www.scopus.com/authid/detail.url?authorId=36811275600,Simon Fraser University,julian,j,lisa marie,lisa marie julian,[],l julian
"Sadeghi Alavijeh, Alireza",11,2020,608,55.3,2.15,10,56414955300,https://www.scopus.com/authid/detail.url?authorId=56414955300,Simon Fraser University,sadeghi alavijeh,s,alireza,alireza sadeghi alavijeh,[],a sadeghi alavijeh
"Koehle, Michael Stephen",11,2024,236,21.5,1.08,31,6602850378,https://www.scopus.com/authid/detail.url?authorId=6602850378,University of British Columbia,koehle,k,michael stephen,michael stephen koehle,[],m koehle
"Zhao, Natalie Bin",11,2024,193,17.5,1.54,10,55469069100,https://www.scopus.com/authid/detail.url?authorId=55469069100,Simon Fraser University,zhao,z,natalie bin,natalie bin zhao,[],n zhao
"Smith, N. S.",11,2021,519,47.2,2.19,10,56127029700,https://www.scopus.com/authid/detail.url?authorId=56127029700,Simon Fraser University,smith,s,n s,n s smith,[],n smith
"Fernandez, Karl C.",11,2024,87,7.9,0.86,4,57202376345,https://www.scopus.com/authid/detail.url?authorId=57202376345,Simon Fraser University,fernandez,f,karl c,karl c fernandez,[],k fernandez
"Baillie, David Leonard",11,2023,128,11.6,0.41,41,35241837000,https://www.scopus.com/authid/detail.url?authorId=35241837000,Simon Fraser University,baillie,b,david leonard,david leonard baillie,[],d baillie
"Scrivens, Ryan",11,2023,289,26.3,2.59,16,57125976800,https://www.scopus.com/authid/detail.url?authorId=57125976800,Michigan State University,scrivens,s,ryan,ryan scrivens,[],r scrivens
"Samantha Sherman, C. Samantha",10,2024,852,85.2,7.82,11,57201135135,https://www.scopus.com/authid/detail.url?authorId=57201135135,Simon Fraser University,samantha sherman,s,c samantha,c samantha samantha sherman,[],c samantha sherman
"Moraga, Sebastián Mildiner",10,2025,86,8.6,2.14,5,57218343898,https://www.scopus.com/authid/detail.url?authorId=57218343898,Simon Fraser University,moraga,m,sebastián mildiner,sebastián mildiner moraga,[],s moraga
"MacKay Altman, Rachel Mac Kay",10,2024,27,2.7,0.31,7,8553982900,https://www.scopus.com/authid/detail.url?authorId=8553982900,Simon Fraser University,mackay altman,m,rachel mac kay,rachel mac kay mackay altman,[],r mackay altman
"Migone, Andrea Riccardo",10,2025,48,4.8,1.99,12,16426069300,https://www.scopus.com/authid/detail.url?authorId=16426069300,Simon Fraser University,migone,m,andrea riccardo,andrea riccardo migone,[],a migone
"van Poorten, Brett T.",10,2023,71,7.1,0.74,18,8324771200,https://www.scopus.com/authid/detail.url?authorId=8324771200,Simon Fraser University,van poorten,v,brett t,brett t van poorten,[],b van poorten
"Chow, Vincent Tze Yang",10,2025,243,24.3,4.22,6,57216503376,https://www.scopus.com/authid/detail.url?authorId=57216503376,Simon Fraser University,chow,c,vincent tze yang,vincent tze yang chow,[],v chow
"Azevedo, Vinicius Cavicchioli",10,2024,138,13.8,0.77,10,56007286400,https://www.scopus.com/authid/detail.url?authorId=56007286400,Simon Fraser University,azevedo,a,vinicius cavicchioli,vinicius cavicchioli azevedo,[],v azevedo
"Blettner, Daniela Patricia",10,2024,250,25.0,1.46,8,54082749200,https://www.scopus.com/authid/detail.url?authorId=54082749200,Simon Fraser University,blettner,b,daniela patricia,daniela patricia blettner,[],d blettner
"Ha, Olivia Katherine",10,2024,88,8.8,0.79,6,57190497052,https://www.scopus.com/authid/detail.url?authorId=57190497052,Simon Fraser University,ha,h,olivia katherine,olivia katherine ha,[],o ha
"de Castell, Suzanne",10,2024,15,1.5,0.4,19,6506834863,https://www.scopus.com/authid/detail.url?authorId=6506834863,Simon Fraser University,de castell,d,suzanne,suzanne de castell,[],s de castell
"Haught, Dan W.",10,2022,236,23.6,2.18,6,54388095700,https://www.scopus.com/authid/detail.url?authorId=54388095700,United States Geological Survey,haught,h,dan w,dan w haught,[],d haught
"Eng, Margaret L.",10,2020,111,11.1,0.47,14,55194656400,https://www.scopus.com/authid/detail.url?authorId=55194656400,Environment and Climate Change Canada,eng,e,margaret l,margaret l eng,[],m eng
"Hope, Nora H.",10,2020,191,19.1,0.92,16,55200475000,https://www.scopus.com/authid/detail.url?authorId=55200475000,Simon Fraser University,hope,h,nora h,nora h hope,[],n hope
"Culham, Tom Elwood",10,2024,22,2.2,0.91,4,56652179700,https://www.scopus.com/authid/detail.url?authorId=56652179700,Simon Fraser University,culham,c,tom elwood,tom elwood culham,[],t culham
"Choi, Stephen Kwok Kwong",9,2024,30,3.3,0.44,11,12446163000,https://www.scopus.com/authid/detail.url?authorId=12446163000,Simon Fraser University,choi,c,stephen kwok kwong,stephen kwok kwong choi,[],s choi
"Ghuman, Dilraj",9,2024,21,2.3,1.01,2,57366141100,https://www.scopus.com/authid/detail.url?authorId=57366141100,Simon Fraser University,ghuman,g,dilraj,dilraj ghuman,[],d ghuman
"Vytasek, Jovita M.",9,2020,394,43.8,4.14,8,57189848831,https://www.scopus.com/authid/detail.url?authorId=57189848831,Kwantlen Polytechnic University,vytasek,v,jovita m,jovita m vytasek,[],j vytasek
"McPherran, Mark L.",9,2023,6,0.7,0.39,8,16436297000,https://www.scopus.com/authid/detail.url?authorId=16436297000,Simon Fraser University,mcpherran,m,mark l,mark l mcpherran,[],m mcpherran
"Stefanovic, Ingrid Leman",9,2023,35,3.9,0.42,6,6701445917,https://www.scopus.com/authid/detail.url?authorId=6701445917,Simon Fraser University,stefanovic,s,ingrid leman,ingrid leman stefanovic,[],i stefanovic
"Shireen, Naghmi",9,2020,52,5.8,0.58,6,57008318100,https://www.scopus.com/authid/detail.url?authorId=57008318100,Simon Fraser University,shireen,s,naghmi,naghmi shireen,[],n shireen
"Fremlin, Kate M.",9,2025,152,16.9,1.11,6,57210573271,https://www.scopus.com/authid/detail.url?authorId=57210573271,Simon Fraser University,fremlin,f,kate m,kate m fremlin,[],k fremlin
"van Wieren, Ken",9,2024,73,8.1,0.51,5,56102893200,https://www.scopus.com/authid/detail.url?authorId=56102893200,Simon Fraser University,van wieren,v,ken,ken van wieren,[],k van wieren
"González Hermosillo de la Maza, Sebastian",9,2024,48,5.3,0.55,4,57195277326,https://www.scopus.com/authid/detail.url?authorId=57195277326,Simon Fraser University,gonzález hermosillo de la maza,g,sebastian,sebastian gonzález hermosillo de la maza,[],s gonzález hermosillo de la maza
"Skinner, Mark Fretson",9,2025,50,5.6,1.0,16,7202488936,https://www.scopus.com/authid/detail.url?authorId=7202488936,Simon Fraser University,skinner,s,mark fretson,mark fretson skinner,[],m skinner
"Wilkinson, Sophie Louise",9,2025,65,7.2,3.48,14,57200410129,https://www.scopus.com/authid/detail.url?authorId=57200410129,Simon Fraser University,wilkinson,w,sophie louise,sophie louise wilkinson,[],s wilkinson
"Bruce Archibald, S.",9,2022,55,6.1,0.41,6,54384903800,https://www.scopus.com/authid/detail.url?authorId=54384903800,Simon Fraser University,bruce archibald,b,s,s bruce archibald,[],s bruce archibald
"Tremblay, Malcom F.",8,2025,24,3.0,0.24,1,57208627041,https://www.scopus.com/authid/detail.url?authorId=57208627041,Simon Fraser University,tremblay,t,malcom f,malcom f tremblay,[],m tremblay
"von Nordenflycht, Andrew",8,2024,119,14.9,1.03,11,6507028397,https://www.scopus.com/authid/detail.url?authorId=6507028397,Simon Fraser University,von nordenflycht,v,andrew,andrew von nordenflycht,[],a von nordenflycht
"Sundhar Panchapakesan, Shanker Shyam",8,2025,699,87.4,2.25,9,55498238100,https://www.scopus.com/authid/detail.url?authorId=55498238100,Simon Fraser University,sundhar panchapakesan,s,shanker shyam,shanker shyam sundhar panchapakesan,[],s sundhar panchapakesan
"Tung, Frederick",8,2020,1489,186.1,6.06,17,35109792700,https://www.scopus.com/authid/detail.url?authorId=35109792700,Unknown affiliation,tung,t,frederick,frederick tung,[],f tung
"Kropp, Randall Randall",8,2023,80,10.0,2.97,15,24463266700,https://www.scopus.com/authid/detail.url?authorId=24463266700,Simon Fraser University,kropp,k,randall randall,randall randall kropp,[],r kropp
"Sklar, Leonard S.",8,2025,43,5.4,1.3,40,7103239380,https://www.scopus.com/authid/detail.url?authorId=7103239380,Simon Fraser University,sklar,s,leonard s,leonard s sklar,[],l sklar
"Azimi, Soheil",8,2020,144,18.0,0.92,12,19337247700,https://www.scopus.com/authid/detail.url?authorId=19337247700,Simon Fraser University,azimi,a,soheil,soheil azimi,[],s azimi
"Zenone, Marco Antonio",8,2021,128,16.0,1.01,13,57204514586,https://www.scopus.com/authid/detail.url?authorId=57204514586,University of British Columbia,zenone,z,marco antonio,marco antonio zenone,[],m zenone
"Wang, Beidou",8,2020,767,95.9,4.8,10,55775560600,https://www.scopus.com/authid/detail.url?authorId=55775560600,Simon Fraser University,wang,w,beidou,beidou wang,[],b wang
"Wang, Shijia",8,2020,125,15.6,0.88,6,57203011980,https://www.scopus.com/authid/detail.url?authorId=57203011980,ShanghaiTech University,wang,w,shijia,shijia wang,[],s wang
"Picker, Rüdiger",8,2024,62,7.8,0.48,11,24483999500,https://www.scopus.com/authid/detail.url?authorId=24483999500,Simon Fraser University,picker,p,rüdiger,rüdiger picker,[],r picker
"Ho, Jason Y.C.",8,2024,34,4.3,0.24,6,28067925400,https://www.scopus.com/authid/detail.url?authorId=28067925400,Simon Fraser University,ho,h,jason yc,jason yc ho,[],j ho
"Wideman, Trevor James",8,2021,99,12.4,0.78,7,57190270774,https://www.scopus.com/authid/detail.url?authorId=57190270774,Vancouver Island University,wideman,w,trevor james,trevor james wideman,[],t wideman
"Akintola, Kolawole",8,2020,174,21.8,1.22,7,56891508200,https://www.scopus.com/authid/detail.url?authorId=56891508200,Simon Fraser University,akintola,a,kolawole,kolawole akintola,[],k akintola
"Miller, Caleb",8,2024,3,0.4,0.93,5,59476001700,https://www.scopus.com/authid/detail.url?authorId=59476001700,Simon Fraser University,miller,m,caleb,caleb miller,[],c miller
"Le Mare, Lucy",8,2021,285,35.6,1.02,11,6506927826,https://www.scopus.com/authid/detail.url?authorId=6506927826,Simon Fraser University,le mare,l,lucy,lucy le mare,[],l le mare
"van Duynhoven, Alysha",8,2024,74,9.3,0.75,4,57209474417,https://www.scopus.com/authid/detail.url?authorId=57209474417,Simon Fraser University,van duynhoven,v,alysha,alysha van duynhoven,[],a van duynhoven
"Okamoto, Daniel K.",8,2020,806,100.8,2.47,19,30067862700,https://www.scopus.com/authid/detail.url?authorId=30067862700,Florida State University,okamoto,o,daniel k,daniel k okamoto,[],d okamoto
"Shamsi Kazem Abadi, Saeideh",8,2021,155,19.4,0.74,6,56291678300,https://www.scopus.com/authid/detail.url?authorId=56291678300,Simon Fraser University,shamsi kazem abadi,s,saeideh,saeideh shamsi kazem abadi,[],s shamsi kazem abadi
"Moens, Alexander",8,2025,2,0.3,0.21,4,6701750605,https://www.scopus.com/authid/detail.url?authorId=6701750605,Simon Fraser University,moens,m,alexander,alexander moens,[],a moens
"Rydz, Elizabeth",8,2022,78,9.8,0.6,7,57211407388,https://www.scopus.com/authid/detail.url?authorId=57211407388,University of British Columbia,rydz,r,elizabeth,elizabeth rydz,[],e rydz
"Borden, John Harvey",8,2022,27,3.4,0.31,38,7007168968,https://www.scopus.com/authid/detail.url?authorId=7007168968,Unknown affiliation,borden,b,john harvey,john harvey borden,[],j borden
"Sepúlveda, Gabriela Aceves",7,2025,17,2.4,0.5,1,57196318181,https://www.scopus.com/authid/detail.url?authorId=57196318181,Simon Fraser University,sepúlveda,s,gabriela aceves,gabriela aceves sepúlveda,[],g sepúlveda
"Jula, P.",7,2020,446,63.7,2.72,12,6507477022,https://www.scopus.com/authid/detail.url?authorId=6507477022,Technical University of Cluj-Napoca,jula,j,p,p jula,[],p jula
"Carleton, W. Christopher",7,2020,79,11.3,1.13,11,55260605900,https://www.scopus.com/authid/detail.url?authorId=55260605900,Simon Fraser University,carleton,c,w christopher,w christopher carleton,[],w carleton
"von der Porten, Suzanne",7,2020,178,25.4,1.42,10,55872008000,https://www.scopus.com/authid/detail.url?authorId=55872008000,Simon Fraser University,von der porten,v,suzanne,suzanne von der porten,[],s von der porten
"Bertram, Douglas F.",7,2024,44,6.3,1.14,22,7006172656,https://www.scopus.com/authid/detail.url?authorId=7006172656,Fisheries and Oceans Canada,bertram,b,douglas f,douglas f bertram,[],d bertram
"Salari, Sina",7,2020,174,24.9,1.05,6,56940390800,https://www.scopus.com/authid/detail.url?authorId=56940390800,Simon Fraser University,salari,s,sina,sina salari,[],s salari
"Soh, Pekhooi Hooi",7,2024,356,50.9,2.37,16,6602089556,https://www.scopus.com/authid/detail.url?authorId=6602089556,Simon Fraser University,soh,s,pekhooi hooi,pekhooi hooi soh,[],p soh
"Anderson, Leif Stefan",7,2021,304,43.4,2.29,14,57220763731,https://www.scopus.com/authid/detail.url?authorId=57220763731,University of Utah,anderson,a,leif stefan,leif stefan anderson,[],l anderson
"Lee, Jeonghun",7,2023,73,10.4,0.79,4,57206734156,https://www.scopus.com/authid/detail.url?authorId=57206734156,Simon Fraser University,lee,l,jeonghun,jeonghun lee,[],j lee
"Wong, Kahung",7,2020,350,50.0,1.53,7,56294067200,https://www.scopus.com/authid/detail.url?authorId=56294067200,Simon Fraser University,wong,w,kahung,kahung wong,[],k wong
"Ahmed, Usman Iqbal",7,2024,20,2.9,0.98,5,57217787833,https://www.scopus.com/authid/detail.url?authorId=57217787833,Simon Fraser University,ahmed,a,usman iqbal,usman iqbal ahmed,[],u ahmed
"Juan-Jordá, M. J.",7,2024,319,45.6,2.15,14,26025252900,https://www.scopus.com/authid/detail.url?authorId=26025252900,CSIC,juan-jordá,j,m j,m j juan-jordá,[],m juan-jordá
"Leigh Pigg, S. Leigh",7,2023,81,11.6,2.37,9,6601992551,https://www.scopus.com/authid/detail.url?authorId=6601992551,Simon Fraser University,leigh pigg,l,s leigh,s leigh leigh pigg,[],s leigh pigg
"Sea, Jonghan",7,2021,111,15.9,1.12,7,56410907000,https://www.scopus.com/authid/detail.url?authorId=56410907000,Yeungnam University,sea,s,jonghan,jonghan sea,[],j sea
"Atasoy, Yildiz",7,2025,32,4.6,0.87,7,6505783578,https://www.scopus.com/authid/detail.url?authorId=6505783578,Simon Fraser University,atasoy,a,yildiz,yildiz atasoy,[],y atasoy
"Fowler, Jane Jane",7,2024,43,6.1,0.7,13,57201102681,https://www.scopus.com/authid/detail.url?authorId=57201102681,Technical University of Denmark,fowler,f,jane jane,jane jane fowler,[],j fowler
"Singh Kelsall, Tyson",7,2025,18,2.6,0.92,3,58475366500,https://www.scopus.com/authid/detail.url?authorId=58475366500,Simon Fraser University,singh kelsall,s,tyson,tyson singh kelsall,[],t singh kelsall
"Mozafari, Mina",7,2020,66,9.4,0.36,6,53980118000,https://www.scopus.com/authid/detail.url?authorId=53980118000,Simon Fraser University,mozafari,m,mina,mina mozafari,[],m mozafari
"Fong, Vanessa Clarisse",7,2023,233,33.3,3.38,7,57215688156,https://www.scopus.com/authid/detail.url?authorId=57215688156,University of British Columbia,fong,f,vanessa clarisse,vanessa clarisse fong,[],v fong
"Law, Francis C.P.",7,2021,58,8.3,0.64,14,7004887170,https://www.scopus.com/authid/detail.url?authorId=7004887170,Simon Fraser University,law,l,francis cp,francis cp law,[],f law
"Beaupré, Scott L.",7,2025,83,11.9,1.73,4,57219358031,https://www.scopus.com/authid/detail.url?authorId=57219358031,Simon Fraser University,beaupré,b,scott l,scott l beaupré,[],s beaupré
"Campion Loth, Jesse",7,2025,8,1.1,0.52,2,57222524289,https://www.scopus.com/authid/detail.url?authorId=57222524289,Simon Fraser University,campion loth,c,jesse,jesse campion loth,[],j campion loth
"Weldon, Laurel Laurel",7,2024,69,9.9,1.94,19,12779890100,https://www.scopus.com/authid/detail.url?authorId=12779890100,Simon Fraser University,weldon,w,laurel laurel,laurel laurel weldon,[],l weldon
"Dean, James W.",7,2024,1,0.1,0.0,5,37086223400,https://www.scopus.com/authid/detail.url?authorId=37086223400,Simon Fraser University,dean,d,james w,james w dean,[],j dean
"LÃ©ger, RÃ©mi",7,2024,30,4.3,1.16,3,55974620700,https://www.scopus.com/authid/detail.url?authorId=55974620700,Simon Fraser University,lã©ger,l,rã©mi,rã©mi lã©ger,[],r lã©ger
"Chandrasena, Lalangi",7,2020,66,9.4,0.36,5,55585417000,https://www.scopus.com/authid/detail.url?authorId=55585417000,Simon Fraser University,chandrasena,c,lalangi,lalangi chandrasena,[],l chandrasena
"Gress, Carmen L.Z.",6,2025,90,15.0,0.98,13,16230201400,https://www.scopus.com/authid/detail.url?authorId=16230201400,Simon Fraser University,gress,g,carmen lz,carmen lz gress,[],c gress
"Baker, Oliver Rowland",6,2023,5,0.8,1.09,2,35486684700,https://www.scopus.com/authid/detail.url?authorId=35486684700,Simon Fraser University,baker,b,oliver rowland,oliver rowland baker,[],o baker
"Saunders, Leslie J.",6,2020,88,14.7,0.61,5,57114485700,https://www.scopus.com/authid/detail.url?authorId=57114485700,University of Toronto,saunders,s,leslie j,leslie j saunders,[],l saunders
"Tindale, Lauren C.",6,2021,66,11.0,0.39,7,55953811000,https://www.scopus.com/authid/detail.url?authorId=55953811000,University of British Columbia,tindale,t,lauren c,lauren c tindale,[],l tindale
"Didegah, Fereshteh",6,2020,301,50.2,3.0,18,35728402900,https://www.scopus.com/authid/detail.url?authorId=35728402900,Karolinska Institutet,didegah,d,fereshteh,fereshteh didegah,[],f didegah
"Gomes, Luiza M.F.",6,2021,246,41.0,1.19,6,56272590100,https://www.scopus.com/authid/detail.url?authorId=56272590100,Simon Fraser University,gomes,g,luiza mf,luiza mf gomes,[],l gomes
"Miller, Kimberly J.",6,2022,56,9.3,0.8,23,55455935000,https://www.scopus.com/authid/detail.url?authorId=55455935000,University of Melbourne,miller,m,kimberly j,kimberly j miller,[],k miller
"Springborg, Robert D.",6,2024,1,0.2,0.03,8,6507190346,https://www.scopus.com/authid/detail.url?authorId=6507190346,Unknown affiliation,springborg,s,robert d,robert d springborg,[],r springborg
"Lam, Vienna Chichi",6,2024,30,5.0,1.06,4,57193277804,https://www.scopus.com/authid/detail.url?authorId=57193277804,Simon Fraser University,lam,l,vienna chichi,vienna chichi lam,[],v lam
"Mendoza Cantú, Manuel E.",6,2025,4,0.7,1.02,21,57195482669,https://www.scopus.com/authid/detail.url?authorId=57195482669,Universidad Nacional Autónoma de México,mendoza cantú,m,manuel e,manuel e mendoza cantú,[],m mendoza cantú
"Sergeenko, Ania Tersakian",6,2023,331,55.2,2.11,4,57194941215,https://www.scopus.com/authid/detail.url?authorId=57194941215,National Research Council of Canada,sergeenko,s,ania tersakian,ania tersakian sergeenko,[],a sergeenko
"Choutka, Courtney P.",6,2025,135,22.5,0.61,5,56849397200,https://www.scopus.com/authid/detail.url?authorId=56849397200,Simon Fraser University,choutka,c,courtney p,courtney p choutka,[],c choutka
"Jones, John Dewey",6,2024,11,1.8,0.19,9,55636318231,https://www.scopus.com/authid/detail.url?authorId=55636318231,Simon Fraser University,jones,j,john dewey,john dewey jones,[],j jones
"Obaid, Numaira",6,2025,3,0.5,0.04,1,57886458300,https://www.scopus.com/authid/detail.url?authorId=57886458300,Simon Fraser University,obaid,o,numaira,numaira obaid,[],n obaid
"Peabody, Michael A.",6,2020,321,53.5,1.91,6,56893432000,https://www.scopus.com/authid/detail.url?authorId=56893432000,Simon Fraser University,peabody,p,michael a,michael a peabody,[],m peabody
"Yakovlev, Michael",6,2025,44,7.3,1.08,3,57841912800,https://www.scopus.com/authid/detail.url?authorId=57841912800,Simon Fraser University,yakovlev,y,michael,michael yakovlev,[],m yakovlev
"Pham, Duc Minh",6,2021,263,43.8,2.64,6,57203971039,https://www.scopus.com/authid/detail.url?authorId=57203971039,Simon Fraser University,pham,p,duc minh,duc minh pham,[],d pham
"Azaron, Amir",6,2020,88,14.7,0.98,25,6602891469,https://www.scopus.com/authid/detail.url?authorId=6602891469,Kwantlen Polytechnic University,azaron,a,amir,amir azaron,[],a azaron
"Nowak, Stan",6,2024,34,5.7,0.43,3,57207757591,https://www.scopus.com/authid/detail.url?authorId=57207757591,Simon Fraser University,nowak,n,stan,stan nowak,[],s nowak
"Salminen, Iiro Ilmari",6,2023,40,6.7,0.51,4,57203841431,https://www.scopus.com/authid/detail.url?authorId=57203841431,Simon Fraser University,salminen,s,iiro ilmari,iiro ilmari salminen,[],i salminen
"Aguilar, Ivan Abdo",6,2024,53,8.8,1.05,6,56471503700,https://www.scopus.com/authid/detail.url?authorId=56471503700,Simon Fraser University,aguilar,a,ivan abdo,ivan abdo aguilar,[],i aguilar
"Lo, Justin C.",6,2020,151,25.2,0.75,6,56803251500,https://www.scopus.com/authid/detail.url?authorId=56803251500,Simon Fraser University,lo,l,justin c,justin c lo,[],j lo
"Sumner, Nick",6,2023,44,7.3,0.92,5,42162037900,https://www.scopus.com/authid/detail.url?authorId=42162037900,Simon Fraser University,sumner,s,nick,nick sumner,[],n sumner
"Wang, Simon Ji Hau",6,2022,68,11.3,0.46,8,36496079000,https://www.scopus.com/authid/detail.url?authorId=36496079000,Simon Fraser University,wang,w,simon ji hau,simon ji hau wang,[],s wang
"Bruxelle, Jean François",6,2022,66,11.0,0.43,9,57213467021,https://www.scopus.com/authid/detail.url?authorId=57213467021,Universite Claude Bernard Lyon 1,bruxelle,b,jean françois,jean françois bruxelle,[],j bruxelle
"Tai, Sheldon H.Sheldon",6,2021,50,8.3,0.37,4,58458539400,https://www.scopus.com/authid/detail.url?authorId=58458539400,Simon Fraser University,tai,t,sheldon hsheldon,sheldon hsheldon tai,[],s tai
"Georgoulis, Hana",6,2025,11,1.8,0.87,2,58566926000,https://www.scopus.com/authid/detail.url?authorId=58566926000,Simon Fraser University,georgoulis,g,hana,hana georgoulis,[],h georgoulis
"Burville, Kevin",6,2022,1,0.2,0.02,1,57222005648,https://www.scopus.com/authid/detail.url?authorId=57222005648,Simon Fraser University,burville,b,kevin,kevin burville,[],k burville
"Buat, Quentin",462,2022,36053,78.03679653679653,4.75,125,54960950200,https://www.scopus.com/authid/detail.url?authorId=54960950200,University of Washington,buat,b,quentin,quentin buat,[np.int64(57451427600)],q buat
"Dunsiger, Sarah R.",26,2025,303,11.7,0.89,28,6701500745,https://www.scopus.com/authid/detail.url?authorId=6701500745,University of British Columbia,dunsiger,d,sarah r,sarah r dunsiger,[],s dunsiger
"Davids, Barry S.",23,2025,151,6.6,0.57,35,7003344594,https://www.scopus.com/authid/detail.url?authorId=7003344594,TRIUMF,davids,d,barry s,barry s davids,[],b davids
"Mishna, M. J.",25,2024,112,4.5,0.54,9,6508364063,https://www.scopus.com/authid/detail.url?authorId=6508364063,École polytechnique,mishna,m,m j,m j mishna,[],m mishna
"Omondi, Fredrick Harrison",10,2024,231,23.1,3.44,8,57207582932,https://www.scopus.com/authid/detail.url?authorId=57207582932,University of British Columbia,omondi,o,fredrick harrison,fredrick harrison omondi,[],f omondi
"Pachal, Katherine E.",431,2023,31465,73.0,4.17,116,55578118400,https://www.scopus.com/authid/detail.url?authorId=55578118400,University of British Columbia,pachal,p,katherine e,katherine e pachal,[],k pachal
"Poley, A. L.",388,2025,7477,19.3,2.39,96,56800794900,https://www.scopus.com/authid/detail.url?authorId=56800794900,University of British Columbia,poley,p,a l,a l poley,[],a poley
"Pore, Jennifer L.",28,2024,226,8.1,0.75,11,39861866900,https://www.scopus.com/authid/detail.url?authorId=39861866900,Lawrence Berkeley National Laboratory,pore,p,jennifer l,jennifer l pore,[],j pore
"Ramogida, Caterina Fortunata",35,2025,557,15.9,1.49,22,37034801500,https://www.scopus.com/authid/detail.url?authorId=37034801500,University of British Columbia,ramogida,r,caterina fortunata,caterina fortunata ramogida,[],c ramogida
"Stelzer, Bernd",1095,2025,58459,53.4,3.63,144,35227985000,https://www.scopus.com/authid/detail.url?authorId=35227985000,TRIUMF,stelzer,s,bernd,bernd stelzer,[],b stelzer
"Short, Devin A.",8,2021,248,31.0,1.4,7,57225796762,https://www.scopus.com/authid/detail.url?authorId=57225796762,TRIUMF,short,s,devin a,devin a short,[],d short
"Torres, Heberth",407,2022,32623,80.2,4.9,127,52364851900,https://www.scopus.com/authid/detail.url?authorId=52364851900,Aix-Marseille Université,torres,t,heberth,heberth torres,[],h torres
"Taylor, Audrey K.",12,2024,105,8.8,0.62,9,55473545900,https://www.scopus.com/authid/detail.url?authorId=55473545900,National Renewable Energy Laboratory,taylor,t,audrey k,audrey k taylor,[],a taylor
"Vetterli, Michel C.",1076,2025,58260,54.1,3.68,137,56381653900,https://www.scopus.com/authid/detail.url?authorId=56381653900,University of British Columbia,vetterli,v,michel c,michel c vetterli,[],m vetterli
"Williams, Jonathan F.",23,2022,253,11.0,0.66,18,57217554285,https://www.scopus.com/authid/detail.url?authorId=57217554285,TRIUMF,williams,w,jonathan f,jonathan f williams,[],j williams
"Al-Rawi, Ahmed Khalid",69,2025,551,7.9855072463768115,1.19,20,55683085700,https://www.scopus.com/authid/detail.url?authorId=55683085700,Simon Fraser University,al-rawi,a,ahmed khalid,ahmed khalid al-rawi,[np.int64(59265299800)],a al-rawi
"Dias do Vale, T. D.",158,2025,1755,11.10759493670886,2.09,66,57201730337,https://www.scopus.com/authid/detail.url?authorId=57201730337,Simon Fraser University,dias do vale,d,t d,t d dias do vale,[np.int64(57202912172)],t dias do vale
"de Silva, Thushani",9,2024,232,25.77777777777778,2.24,8,57287468800,https://www.scopus.com/authid/detail.url?authorId=57287468800,Simon Fraser University,de silva,d,thushani,thushani de silva,[np.int64(57575566400)],t de silva
"Fartah Tolue, Shirin Fartash",8,2020,121,15.125,1.01,5,56483186100,https://www.scopus.com/authid/detail.url?authorId=56483186100,Simon Fraser University,fartah tolue,f,shirin fartash,shirin fartash fartah tolue,[np.int64(57215828343)],s fartah tolue
"Heinrich, Bretislav",21,2024,400,19.047619047619047,0.9,37,35501028000,https://www.scopus.com/authid/detail.url?authorId=35501028000,Simon Fraser University,heinrich,h,bretislav,bretislav heinrich,[np.int64(59837956400)],b heinrich
"Liu, Jiangchuan Chuan",307,2025,7110,23.15960912052117,2.56,65,8969748600,https://www.scopus.com/authid/detail.url?authorId=8969748600,Simon Fraser University,liu,l,jiangchuan chuan,jiangchuan chuan liu,"[np.int64(59061428700), np.int64(59732151800)]",j liu
"Llorente Merino, J.",340,2025,8510,25.029411764705884,2.04,20,58100818300,https://www.scopus.com/authid/detail.url?authorId=58100818300,Simon Fraser University,llorente merino,l,j,j llorente merino,[np.int64(44461638200)],j llorente merino
"Li, Paul Chi Hang",49,2024,480,9.79591836734694,0.47,27,55638723000,https://www.scopus.com/authid/detail.url?authorId=55638723000,Simon Fraser University,li,l,paul chi hang,paul chi hang li,[np.int64(59806039000)],p li
"O'Neil, Dugan C.",947,2023,57567,60.78880675818374,4.37,125,35227745700,https://www.scopus.com/authid/detail.url?authorId=35227745700,Simon Fraser University,oneil,o,dugan c,dugan c oneil,"[np.int64(57202558154), np.int64(57202570602)]",d oneil
"O’Neill, Deirdre Kevin",13,2022,156,12.0,4.36,7,58579346600,https://www.scopus.com/authid/detail.url?authorId=58579346600,University of Limerick,o’neill,o,deirdre kevin,deirdre kevin o’neill,"[np.int64(57213737060), np.int64(57647220300)]",d o’neill
"Thomas, David C.",10,2025,369,36.9,1.54,29,55727328700,https://www.scopus.com/authid/detail.url?authorId=55727328700,University of Victoria BC,thomas,t,david c,david c thomas,[np.int64(57966537000)],d thomas
"Tsai, Olivia Hsin I.",6,2021,66,11.0,0.38,2,57224738689,https://www.scopus.com/authid/detail.url?authorId=57224738689,Simon Fraser University,tsai,t,olivia hsin i,olivia hsin i tsai,[np.int64(57208562076)],o tsai
"Yu, Huazhong Hogan",86,2023,1793,20.848837209302324,0.89,45,7405855808,https://www.scopus.com/authid/detail.url?authorId=7405855808,Simon Fraser University,yu,y,huazhong hogan,huazhong hogan yu,[np.int64(57344777600)],h yu
